Tahun,Provinsi,Kelompok Ikan,Hasil Tangkapan / Catch (Ton),Nilai (Rp. Juta),Effort (kapal),CPUE (Ton/Trip),C_MSY,E_MSY,TP_C,TP_E,Status
2021,ACEH,TONGKOL,42835.16,846662,54047,0.7925538882824209,140680.4809856748,369573.9649557874,30.44854531337707,14.62413620138683,Underfishing
2021,ACEH,TUNA,13197.39,498725,54047,0.2441835809573149,103635.2116050751,292761.4244455092,12.73446524168984,18.46110706093371,Underfishing
2021,ACEH,CAKALANG,23398.27,649648,54047,0.4329244916461598,119279.7606260097,287853.9638280055,19.61629523500055,18.77584011047123,Underfishing
2021,ACEH,MARLIN,1309.91,44998,54047,0.02423649786297112,5145.194892289755,308283.3112478088,25.45889956399793,17.53160097484328,Underfishing
2021,ACEH,TENGGIRI,5477.11,261660,54047,0.1013397598386589,45836.05364986922,323124.1115375772,11.9493489597476,16.72639028477907,Underfishing
2021,BALI,TONGKOL,25999.63,565003,39685,0.6551500566964849,140680.4809856748,369573.9649557874,18.48133431008634,10.73803994952609,Underfishing
2021,BALI,TUNA,18803.05,593047,39685,0.473807483935996,103635.2116050751,292761.4244455092,18.14349554440356,13.55540610418995,Underfishing
2021,BALI,CAKALANG,7981.73,177761,39685,0.2011271261181806,119279.7606260097,287853.9638280055,6.691604642824486,13.78650461235685,Underfishing
2021,BALI,MARLIN,1173.01,29032,39685,0.02955801940279703,5145.194892289755,308283.3112478088,22.79816458960174,12.87289923005265,Underfishing
2021,BALI,TENGGIRI,1429.46,41602,39685,0.03602015875015749,45836.05364986922,323124.1115375772,3.118636719730078,12.28165852778984,Underfishing
2021,BANTEN,TONGKOL,5743.05,131374,12993,0.4420110828907874,140680.4809856748,369573.9649557874,4.082336056687781,3.515669725694658,Underfishing
2021,BANTEN,TUNA,1383.04,48406,12993,0.1064450088509197,103635.2116050751,292761.4244455092,1.33452711542712,4.438084704844147,Underfishing
2021,BANTEN,CAKALANG,1228.69,22116,12993,0.09456553528823212,119279.7606260097,287853.9638280055,1.03009093374394,4.51374711927309,Underfishing
2021,BANTEN,MARLIN,155.24,4514,12993,0.01194797198491496,5145.194892289755,308283.3112478088,3.017184057160445,4.214629701299587,Underfishing
2021,BANTEN,TENGGIRI,2015.4,131985,12993,0.1551142923112445,45836.05364986922,323124.1115375772,4.396975392766499,4.021055543695939,Underfishing
2021,BENGKULU,TONGKOL,5075.13,100037,8979,0.5652221850985634,140680.4809856748,369573.9649557874,3.607558038216254,2.429554257447266,Underfishing
2021,BENGKULU,TUNA,1608.92,40059,8979,0.1791869918699187,103635.2116050751,292761.4244455092,1.552483924219836,3.067002429369322,Underfishing
2021,BENGKULU,CAKALANG,1774.7,42956,8979,0.1976500723911349,119279.7606260097,287853.9638280055,1.487846714887702,3.119290031859699,Underfishing
2021,BENGKULU,MARLIN,945.89,33106,8979,0.1053446931729591,5145.194892289755,308283.3112478088,18.38394890381019,2.912580627104517,Underfishing
2021,BENGKULU,TENGGIRI,3179.48,106695,8979,0.3541017930727253,45836.05364986922,323124.1115375772,6.936635567030478,2.778808414288143,Underfishing
2021,DAERAH ISTIMEWA YOGYAKARTA,TONGKOL,190.4,3192,1254,0.1518341307814992,140680.4809856748,369573.9649557874,0.1353421588168923,0.3393096156408143,Underfishing
2021,DAERAH ISTIMEWA YOGYAKARTA,TUNA,427.36,10409,1254,0.3407974481658692,103635.2116050751,292761.4244455092,0.4123694962177044,0.4283351204398185,Underfishing
2021,DAERAH ISTIMEWA YOGYAKARTA,CAKALANG,876.38,14188,1254,0.6988676236044657,119279.7606260097,287853.9638280055,0.7347264912341716,0.43563756542511,Underfishing
2021,DAERAH ISTIMEWA YOGYAKARTA,MARLIN,20.19,606,1254,0.01610047846889952,5145.194892289755,308283.3112478088,0.3924049607966335,0.4067686943299993,Underfishing
2021,DAERAH ISTIMEWA YOGYAKARTA,TENGGIRI,47.62,2081,1254,0.03797448165869218,45836.05364986922,323124.1115375772,0.1038920155817906,0.3880861734622264,Underfishing
2021,DKI JAKARTA,TONGKOL,3907.94,92656,5954,0.6563553913335572,140680.4809856748,369573.9649557874,2.777883593103394,1.611044219717232,Underfishing
2021,DKI JAKARTA,TUNA,19469.84,358233,5954,3.270043668122271,103635.2116050751,292761.4244455092,18.78689655615712,2.033737884448708,Underfishing
2021,DKI JAKARTA,CAKALANG,38063.7,517026,5954,6.392962714141753,119279.7606260097,287853.9638280055,31.91128134415451,2.068409939825442,Underfishing
2021,DKI JAKARTA,MARLIN,155.14,4560,5954,0.02605643265031911,5145.194892289755,308283.3112478088,3.015240496185721,1.931340355694431,Underfishing
2021,DKI JAKARTA,TENGGIRI,1494.69,55092,5954,0.2510396372186765,45836.05364986922,323124.1115375772,3.260948273203413,1.842635627427509,Underfishing
2021,GORONTALO,TONGKOL,14779.19,277582,13754,1.074537589064999,140680.4809856748,369573.9649557874,10.50550147145497,3.721582498822775,Underfishing
2021,GORONTALO,TUNA,18212.44,812363,13754,1.324155881925258,103635.2116050751,292761.4244455092,17.57360236731366,4.698023322591119,Underfishing
2021,GORONTALO,CAKALANG,10118.16,194716,13754,0.7356521739130435,119279.7606260097,287853.9638280055,8.482713200376486,4.77811728457493,Underfishing
2021,GORONTALO,MARLIN,0.07,2,13754,5.089428529882217e-06,5145.194892289755,308283.3112478088,0.001360492682306307,4.461480559660934,Underfishing
2021,GORONTALO,TENGGIRI,1379.07,36830,13754,0.1002668314672095,45836.05364986922,323124.1115375772,3.008701426467448,4.256568763795424,Underfishing
2021,JAMBI,TENGGIRI,914.31,25240,12820,0.07131903276131045,45836.05364986922,323124.1115375772,1.994739789302539,3.967515744645728,Underfishing
2021,JAWA BARAT,TONGKOL,40625.47,364432,29728,1.366572591496233,140680.4809856748,369573.9649557874,28.87782989890176,8.043856661698666,Underfishing
2021,JAWA BARAT,TUNA,1478.29,39090,29728,0.04972719321851453,103635.2116050751,292761.4244455092,1.426436031831875,10.15434326988431,Underfishing
2021,JAWA BARAT,CAKALANG,1273.67,24395,29728,0.04284412002152853,119279.7606260097,287853.9638280055,1.067800600299216,10.32745896727087,Underfishing
2021,JAWA BARAT,MARLIN,131.33,5320,29728,0.004417720667384285,5145.194892289755,308283.3112478088,2.552478628104105,9.643077946604643,Underfishing
2021,JAWA BARAT,TENGGIRI,38990.48,1276198,29728,1.311574273412271,45836.05364986922,323124.1115375772,85.065089367944,9.200180035634025,Growth Overfishing
2021,JAWA TENGAH,TONGKOL,7258.68,119955,81856,0.0886762118842846,140680.4809856748,369573.9649557874,5.159692339080882,22.14874633005941,Underfishing
2021,JAWA TENGAH,TUNA,6887.81,183272,81856,0.08414545054730259,103635.2116050751,292761.4244455092,6.646206335977318,27.95996779802375,Underfishing
2021,JAWA TENGAH,CAKALANG,4654.16,78038,81856,0.0568578967943706,119279.7606260097,287853.9638280055,3.901885764671069,28.43664159125822,Underfishing
2021,JAWA TENGAH,MARLIN,44.69,1512,81856,0.0005459587568412822,5145.194892289755,308283.3112478088,0.8685773996038411,26.55219955588232,Underfishing
2021,JAWA TENGAH,TENGGIRI,2910.65,113896,81856,0.03555817533229085,45836.05364986922,323124.1115375772,6.350132195572,25.33268087314514,Underfishing
2021,JAWA TIMUR,TONGKOL,50444.65,724179,942994,0.05349413676014906,140680.4809856748,369573.9649557874,35.85760415841674,255.1570428162632,Recruitment Overfishing
2021,JAWA TIMUR,TUNA,9277.78,233062,942994,0.009838641603233956,103635.2116050751,292761.4244455092,8.95234337471615,322.1032285199571,Recruitment Overfishing
2021,JAWA TIMUR,CAKALANG,16720.89,301145,942994,0.01773170348909961,119279.7606260097,287853.9638280055,14.01821223671529,327.5945856223972,Recruitment Overfishing
2021,JAWA TIMUR,MARLIN,947.94,20589,942994,0.001005244996256604,5145.194892289755,308283.3112478088,18.42379190379202,305.8855168588704,Recruitment Overfishing
2021,JAWA TIMUR,TENGGIRI,5770.57,298781,942994,0.006119413273043094,45836.05364986922,323124.1115375772,12.5895873237256,291.8364697430931,Recruitment Overfishing
2021,KALIMANTAN BARAT,TONGKOL,5977.71,121711,43153,0.1385236252404236,140680.4809856748,369573.9649557874,4.249139580784273,11.67641773823609,Underfishing
2021,KALIMANTAN BARAT,CAKALANG,85.01,2914,43153,0.001969967325562534,119279.7606260097,287853.9638280055,0.07126942538603907,14.99128218563778,Underfishing
2021,KALIMANTAN BARAT,TENGGIRI,11060.11,557439,43153,0.2562999096238964,45836.05364986922,323124.1115375772,24.12971693524396,13.35493033765188,Underfishing
2021,KALIMANTAN SELATAN,TONGKOL,9844.97,277798,53289,0.1847467582427893,140680.4809856748,369573.9649557874,6.998106582392544,14.41903517375068,Underfishing
2021,KALIMANTAN SELATAN,CAKALANG,2694.11,101471,53289,0.05055658766349528,119279.7606260097,287853.9638280055,2.25864806054325,18.51251214030198,Underfishing
2021,KALIMANTAN SELATAN,TENGGIRI,7644.48,269461,53289,0.1434532455103305,45836.05364986922,323124.1115375772,16.67787558325674,16.49180550050126,Underfishing
2021,KALIMANTAN TENGAH,TONGKOL,1463.68,39802,43559,0.03360224063913313,140680.4809856748,369573.9649557874,1.040428629291539,11.78627396148184,Underfishing
2021,KALIMANTAN TENGAH,TUNA,0.03,1,43559,6.887210450193989e-07,103635.2116050751,292761.4244455092,2.894769020622223e-05,14.87866787180068,Underfishing
2021,KALIMANTAN TENGAH,MARLIN,3.41,105,43559,7.828462545053835e-05,5145.194892289755,308283.3112478088,0.0662754292380644,14.12953553135602,Underfishing
2021,KALIMANTAN TENGAH,TENGGIRI,7721.99,247728,43559,0.1772765674143116,45836.05364986922,323124.1115375772,16.84697827388557,13.4805786521859,Underfishing
2021,KALIMANTAN TIMUR,TONGKOL,10484.79,281233,995951,0.01052741550538129,140680.4809856748,369573.9649557874,7.452910259147923,269.4862448222365,Recruitment Overfishing
2021,KALIMANTAN TIMUR,TUNA,1896.33,76215,995951,0.001904039455756358,103635.2116050751,292761.4244455092,1.829812445625513,340.1920187696632,Recruitment Overfishing
2021,KALIMANTAN TIMUR,CAKALANG,3438.87,97931,995951,0.003452850592047199,119279.7606260097,287853.9638280055,2.883028924565206,345.9917615013586,Recruitment Overfishing
2021,KALIMANTAN TIMUR,MARLIN,0.07,1,995951,7.028458227362592e-08,5145.194892289755,308283.3112478088,0.001360492682306307,323.0635469590568,Recruitment Overfishing
2021,KALIMANTAN TIMUR,TENGGIRI,4749.51,202579,995951,0.004768818947920129,45836.05364986922,323124.1115375772,10.36195226639794,308.2255283459951,Recruitment Overfishing
2021,KALIMANTAN UTARA,TONGKOL,151.23,2571,11364,0.0133078141499472,140680.4809856748,369573.9649557874,0.1074989216275138,3.074891923558384,Underfishing
2021,KALIMANTAN UTARA,TUNA,212.26,4850,11364,0.01867828229496656,103635.2116050751,292761.4244455092,0.204814557439091,3.88165893833979,Underfishing
2021,KALIMANTAN UTARA,CAKALANG,149.41,4482,11364,0.0131476592749032,119279.7606260097,287853.9638280055,0.1252601440645583,3.947835162273484,Underfishing
2021,KALIMANTAN UTARA,TENGGIRI,639.12,26440,11364,0.05624076029567054,45836.05364986922,323124.1115375772,1.394360877753758,3.516914892523717,Underfishing
2021,KEP. BANGKA BELITUNG,TONGKOL,7802.33,143458,19166,0.4070922466868413,140680.4809856748,369573.9649557874,5.546135430681741,5.185971366325236,Underfishing
2021,KEP. BANGKA BELITUNG,TENGGIRI,11096.14,644567,19166,0.5789491808410727,45836.05364986922,323124.1115375772,24.20832317886874,5.931466986106086,Underfishing
2021,KEPULAUAN RIAU,TONGKOL,23057.48,480831,44628,0.5166594962803621,140680.4809856748,369573.9649557874,16.3899638659523,12.07552593845156,Underfishing
2021,KEPULAUAN RIAU,MARLIN,773.96,7891,44628,0.01734247557587165,5145.194892289755,308283.3112478088,15.04238451996842,14.47629449007912,Underfishing
2021,KEPULAUAN RIAU,TENGGIRI,16293.58,707070,44628,0.3650976965133997,45836.05364986922,323124.1115375772,35.54751926172094,13.8114112833112,Underfishing
2021,LAMPUNG,TONGKOL,9601.9,190022,16265,0.5903412234860129,140680.4809856748,369573.9649557874,6.82532497239453,4.401013475596367,Underfishing
2021,LAMPUNG,TUNA,8.94,592,16265,0.0005496464801721488,103635.2116050751,292761.4244455092,0.008626411681454223,5.555718288639272,Underfishing
2021,LAMPUNG,CAKALANG,2.73,82,16265,0.0001678450660928374,119279.7606260097,287853.9638280055,0.002288736987458966,5.650434610557746,Underfishing
2021,LAMPUNG,MARLIN,1580.18,79152,16265,0.097152167230249,5145.194892289755,308283.3112478088,30.71176181038258,5.275991079168612,Underfishing
2021,LAMPUNG,TENGGIRI,5247.78,265289,16265,0.3226424838610513,45836.05364986922,323124.1115375772,11.44902229168015,5.033669546541558,Underfishing
2021,MALUKU,TONGKOL,70135.72,1123339,88841,0.7894521673551627,140680.4809856748,369573.9649557874,49.85462056185447,24.03876041718149,Underfishing
2021,MALUKU,TUNA,51253.83,1370846,88841,0.5769164012111525,103635.2116050751,292761.4244455092,49.45599975741263,30.3458695653859,Underfishing
2021,MALUKU,CAKALANG,26881.35,552334,88841,0.3025782015060614,119279.7606260097,287853.9638280055,22.53638828491944,30.86321925831913,Underfishing
2021,MALUKU,MARLIN,407.92,6490,88841,0.004591573710336444,5145.194892289755,308283.3112478088,7.92817392809127,28.81797254622925,Underfishing
2021,MALUKU,TENGGIRI,11279.07,696401,88841,0.1269579360880674,45836.05364986922,323124.1115375772,24.6074194915604,27.49438894462333,Underfishing
2021,MALUKU UTARA,TONGKOL,31850.36,654869,20547,1.550122158952645,140680.4809856748,369573.9649557874,22.64021261289493,5.559644874459179,Underfishing
2021,MALUKU UTARA,TUNA,54637.76,1213290,20547,2.659159974692169,103635.2116050751,292761.4244455092,52.72123166806401,7.018342679168221,Uncertain
2021,MALUKU UTARA,CAKALANG,28488.83,600290,20547,1.386520173261304,119279.7606260097,287853.9638280055,23.8840435715863,7.137994463149709,Underfishing
2021,MALUKU UTARA,MARLIN,1.2,27,20547,5.840268652358008e-05,5145.194892289755,308283.3112478088,0.02332273169667955,6.664973175756378,Underfishing
2021,MALUKU UTARA,TENGGIRI,3948.01,98733,20547,0.1921453253516328,45836.05364986922,323124.1115375772,8.613328778602792,6.358856942686097,Underfishing
2021,NUSA TENGGARA BARAT,TONGKOL,22091.53,267298,35183,0.6279035329562572,140680.4809856748,369573.9649557874,15.70333698407637,9.519880547919273,Underfishing
2021,NUSA TENGGARA BARAT,TUNA,8316.77,238795,35183,0.2363860387118779,103635.2116050751,292761.4244455092,8.025042715880094,12.01763520130314,Underfishing
2021,NUSA TENGGARA BARAT,CAKALANG,12647.63,265529,35183,0.3594812835744535,119279.7606260097,287853.9638280055,10.60333281490682,12.22251711670785,Underfishing
2021,NUSA TENGGARA BARAT,MARLIN,90.55,3809,35183,0.002573686155245431,5145.194892289755,308283.3112478088,1.759894462611945,11.41255420463506,Underfishing
2021,NUSA TENGGARA BARAT,TENGGIRI,3079.62,96097,35183,0.08753147827075576,45836.05364986922,323124.1115375772,6.718772134103188,10.88838583805543,Underfishing
2021,NUSA TENGGARA TIMUR,TONGKOL,24350.28,506824,38234,0.6368750326934142,140680.4809856748,369573.9649557874,17.30892575102834,10.34542571324633,Underfishing
2021,NUSA TENGGARA TIMUR,TUNA,6904.43,247231,38234,0.1805835120573312,103635.2116050751,292761.4244455092,6.662243356351564,13.05978069768423,Underfishing
2021,NUSA TENGGARA TIMUR,CAKALANG,21314.37,432955,38234,0.5574716221164409,119279.7606260097,287853.9638280055,17.8692260012402,13.28242956655794,Underfishing
2021,NUSA TENGGARA TIMUR,MARLIN,0.36,15,38234,9.415703300727102e-06,5145.194892289755,308283.3112478088,0.006996819509003866,12.40222827672504,Underfishing
2021,NUSA TENGGARA TIMUR,TENGGIRI,2663.56,96580,38234,0.06966469634356855,45836.05364986922,323124.1115375772,5.811058736308988,11.83260506870396,Underfishing
2021,PAPUA,TONGKOL,4700.94,143579,22786,0.2063082594575616,140680.4809856748,369573.9649557874,3.341572311285093,6.165477593294733,Underfishing
2021,PAPUA,TUNA,27665.12,1308647,22786,1.214127973316949,103635.2116050751,292761.4244455092,26.69471077593209,7.783129229937563,Underfishing
2021,PAPUA,CAKALANG,17097.35,570751,22786,0.7503445097867111,119279.7606260097,287853.9638280055,14.3338231987295,7.915819430443824,Underfishing
2021,PAPUA,MARLIN,4754.65,119423,22786,0.2086654085842184,5145.194892289755,308283.3112478088,92.40952188468118,7.391253165074454,Growth Overfishing
2021,PAPUA,TENGGIRI,10953.21,417979,22786,0.4806991134907399,45836.05364986922,323124.1115375772,23.89649441391482,7.05177954426658,Underfishing
2021,PAPUA BARAT,TONGKOL,6652.64,245094,16268,0.4089402507991148,140680.4809856748,369573.9649557874,4.728900522224846,4.401825221088331,Underfishing
2021,PAPUA BARAT,TUNA,10745.69,439739,16268,0.660541553970986,103635.2116050751,292761.4244455092,10.36876350573667,5.556743013807789,Underfishing
2021,PAPUA BARAT,CAKALANG,5480.48,242646,16268,0.336887140398328,119279.7606260097,287853.9638280055,4.594643694149857,5.651476805690342,Underfishing
2021,PAPUA BARAT,MARLIN,132.53,3313,16268,0.008146668305876568,5145.194892289755,308283.3112478088,2.575801359800785,5.276964210016292,Underfishing
2021,PAPUA BARAT,TENGGIRI,5382.17,431865,16268,0.3308439881976887,45836.05364986922,323124.1115375772,11.74221943519205,5.034597982363238,Underfishing
2021,RIAU,MARLIN,1.98,50,26668,7.424628768561572e-05,5145.194892289755,308283.3112478088,0.03848250729952126,8.65048448197163,Underfishing
2021,RIAU,TENGGIRI,1264.77,49584,26668,0.04742650367481626,45836.05364986922,323124.1115375772,2.759334408806829,8.253175497520457,Underfishing
2021,SULAWESI BARAT,TONGKOL,11535.4,294617,13588,0.8489402413894612,140680.4809856748,369573.9649557874,8.199716065212078,3.676665914934119,Underfishing
2021,SULAWESI BARAT,TUNA,8007.9,270902,13588,0.5893361789814542,103635.2116050751,292761.4244455092,7.727006946746899,4.641321863266549,Underfishing
2021,SULAWESI BARAT,CAKALANG,10492.51,303626,13588,0.7721894318516338,119279.7606260097,287853.9638280055,8.7965552118253,4.72044915390462,Underfishing
2021,SULAWESI BARAT,MARLIN,414.3,12429,13588,0.03049013835737415,5145.194892289755,308283.3112478088,8.052173118278617,4.40763398608934,Underfishing
2021,SULAWESI BARAT,TENGGIRI,749.6,31830,13588,0.05516632322637621,45836.05364986922,323124.1115375772,1.635393844605422,4.205195314995799,Underfishing
2021,SULAWESI SELATAN,TONGKOL,29497.28,777068,65754,0.4486005414119293,140680.4809856748,369573.9649557874,20.96757118921398,17.79183769285973,Underfishing
2021,SULAWESI SELATAN,TUNA,19056.35,929181,65754,0.2898127870547799,103635.2116050751,292761.4244455092,18.38791054204476,22.45992624354053,Underfishing
2021,SULAWESI SELATAN,CAKALANG,30473.97,827451,65754,0.4634542385254129,119279.7606260097,287853.9638280055,25.54831585850362,22.84283291623818,Underfishing
2021,SULAWESI SELATAN,MARLIN,583.2,17222,65754,0.008869422392554066,5145.194892289755,308283.3112478088,11.33484760458626,21.32908191943762,Underfishing
2021,SULAWESI SELATAN,TENGGIRI,7014.84,331592,65754,0.1066830915229492,45836.05364986922,323124.1115375772,15.30419711431683,20.34945633958153,Underfishing
2021,SULAWESI TENGAH,TONGKOL,18715.14,321452,57028,0.3281745809076243,140680.4809856748,369573.9649557874,13.30329543151457,15.43074063856807,Underfishing
2021,SULAWESI TENGAH,TUNA,4291.41,145454,57028,0.07525092936802974,103635.2116050751,292761.4244455092,4.140880240929471,19.47934230338275,Underfishing
2021,SULAWESI TENGAH,CAKALANG,21566.72,392865,57028,0.3781777372518763,119279.7606260097,287853.9638280055,18.08078745867071,19.81143467389408,Underfishing
2021,SULAWESI TENGAH,MARLIN,67.77,2804,57028,0.001188363610857824,5145.194892289755,308283.3112478088,1.317151272569978,18.4985686604874,Underfishing
2021,SULAWESI TENGAH,TENGGIRI,4165.21,90470,57028,0.07303798134249842,45836.05364986922,323124.1115375772,9.08719156281877,17.64894601292173,Underfishing
2021,SULAWESI TENGGARA,TONGKOL,31440.4,736693,56405,0.5574044854179594,140680.4809856748,369573.9649557874,22.34880047303898,15.26216815807028,Underfishing
2021,SULAWESI TENGGARA,TUNA,11703.51,340327,56405,0.2074906479921993,103635.2116050751,292761.4244455092,11.2929860601808,19.26654104338753,Underfishing
2021,SULAWESI TENGGARA,CAKALANG,21867.68,501017,56405,0.3876904529740272,119279.7606260097,287853.9638280055,18.33310184832112,19.59500548469165,Underfishing
2021,SULAWESI TENGGARA,MARLIN,1072.8,29476,56405,0.01901959046183849,5145.194892289755,308283.3112478088,20.85052213683152,18.29648182111931,Underfishing
2021,SULAWESI TENGGARA,TENGGIRI,5046.77,199186,56405,0.0894738055136956,45836.05364986922,323124.1115375772,11.01048104741103,17.45614084061952,Underfishing
2021,SULAWESI UTARA,TONGKOL,34465.9,634863,56405,0.6110433472209911,140680.4809856748,369573.9649557874,24.49941865318871,15.26216815807028,Underfishing
2021,SULAWESI UTARA,TUNA,56205.31,2597570,56405,0.9964597110185267,103635.2116050751,292761.4244455092,54.23379672748947,19.26654104338753,Uncertain
2021,SULAWESI UTARA,CAKALANG,100398.42,2531379,56405,1.779956032266643,119279.7606260097,287853.9638280055,84.17054114887911,19.59500548469165,Growth Overfishing
2021,SULAWESI UTARA,MARLIN,2600.52,142926,56405,0.04610442336672281,5145.194892289755,308283.3112478088,50.54269185987425,18.29648182111931,Uncertain
2021,SULAWESI UTARA,TENGGIRI,908.05,35962,56405,0.01609875011080578,45836.05364986922,323124.1115375772,1.981082418081581,17.45614084061952,Underfishing
2021,SUMATERA BARAT,TONGKOL,23977.57,475982,22838,1.049897977055784,140680.4809856748,369573.9649557874,17.04399205348295,6.179547848488769,Underfishing
2021,SUMATERA BARAT,TUNA,4663.42,159334,22838,0.2041956388475348,103635.2116050751,292761.4244455092,4.499841248716695,7.800891132858512,Underfishing
2021,SUMATERA BARAT,CAKALANG,9783.25,224510,22838,0.4283759523601016,119279.7606260097,287853.9638280055,8.20193631229228,7.933884146075487,Underfishing
2021,SUMATERA BARAT,MARLIN,1662.16,50704,22838,0.07278045362991506,5145.194892289755,308283.3112478088,32.30509309746074,7.408120766434231,Underfishing
2021,SUMATERA BARAT,TENGGIRI,5613.07,266792,22838,0.2457776512829495,45836.05364986922,323124.1115375772,12.24597135450821,7.067872431842366,Underfishing
2021,SUMATERA SELATAN,TONGKOL,731.36,11122,54081,0.01352341857583994,140680.4809856748,369573.9649557874,0.5198731159260629,14.63333598362909,Underfishing
2021,SUMATERA SELATAN,TENGGIRI,1924.27,104414,54081,0.03558125774301511,45836.05364986922,323124.1115375772,4.198158102132972,16.73691255742477,Underfishing
2021,SUMATERA UTARA,TONGKOL,18518.28,427882,34229,0.5410114230623155,140680.4809856748,369573.9649557874,13.16336130659496,9.261745481474827,Underfishing
2021,SUMATERA UTARA,TUNA,2817.18,110595,34229,0.08230389435858482,103635.2116050751,292761.4244455092,2.718361796505504,11.69177259771495,Underfishing
2021,SUMATERA UTARA,CAKALANG,13891.9,223780,34229,0.4058517631248357,119279.7606260097,287853.9638280055,11.64648547841802,11.89109906454234,Underfishing
2021,SUMATERA UTARA,MARLIN,3119.01,68251,34229,0.0911218557363639,5145.194892289755,308283.3112478088,60.61986115771708,11.10309859507301,Uncertain
2021,SUMATERA UTARA,TENGGIRI,11789.97,501884,34229,0.3444438926056852,45836.05364986922,323124.1115375772,25.7220442450408,10.5931432467612,Underfishing
2022,ACEH,CAKALANG,39716.13,1017845,29226,1.358931430917676,119279.7606260097,287853.9638280055,33.29662114642075,10.15306498174981,Underfishing
2022,ACEH,MARLIN,1130.36,30624,29226,0.03867652090604256,5145.194892289755,308283.3112478088,21.96923583388225,9.480240718092952,Underfishing
2022,ACEH,TENGGIRI,8296.89,443092,29226,0.2838872921371381,45836.05364986922,323124.1115375772,18.10123110374637,9.044821774806245,Underfishing
2022,ACEH,TONGKOL,53428.04,1194927,29226,1.828099637309245,140680.4809856748,369573.9649557874,37.97828925921888,7.908024582710079,Underfishing
2022,ACEH,TUNA,23418.57,883957,29226,0.8012923424348183,103635.2116050751,292761.4244455092,22.59711698109099,9.982872591685913,Underfishing
2022,BALI,CAKALANG,7834.32,161338,29129,0.268952590202204,119279.7606260097,287853.9638280055,6.568021229153671,10.11936733912921,Underfishing
2022,BALI,MARLIN,842.73,19392,29129,0.02893096227127605,5145.194892289755,308283.3112478088,16.37897140228563,9.448776154017983,Underfishing
2022,BALI,TENGGIRI,819.0,24646,29129,0.0281163102063236,45836.05364986922,323124.1115375772,1.786803039930417,9.014802349905258,Underfishing
2022,BALI,TONGKOL,28404.52,501283,29129,0.9751285660338495,140680.4809856748,369573.9649557874,20.1908038705756,7.881778145136586,Underfishing
2022,BALI,TUNA,15310.14,439391,29129,0.5255978578049366,103635.2116050751,292761.4244455092,14.77310632446304,9.949739811237219,Underfishing
2022,BANTEN,CAKALANG,2271.99,42674,17252,0.1316942963134709,119279.7606260097,287853.9638280055,1.904757343639888,5.993316809181816,Underfishing
2022,BANTEN,MARLIN,59.05,1310,17252,0.003422791560398794,5145.194892289755,308283.3112478088,1.147672755574106,5.596151128055142,Underfishing
2022,BANTEN,TENGGIRI,2025.49,123387,17252,0.1174060978437283,45836.05364986922,323124.1115375772,4.418988631683346,5.339124931874267,Underfishing
2022,BANTEN,TONGKOL,5858.19,138314,17252,0.3395658474379782,140680.4809856748,369573.9649557874,4.164181099577365,4.668077742452415,Underfishing
2022,BANTEN,TUNA,1120.64,37071,17252,0.06495710642244377,103635.2116050751,292761.4244455092,1.081331318423363,5.892852869081139,Underfishing
2022,BENGKULU,CAKALANG,2092.18,50030,9304,0.2248688736027515,119279.7606260097,287853.9638280055,1.754010897590439,3.232194504557594,Underfishing
2022,BENGKULU,MARLIN,1007.8,32318,9304,0.1083190025795357,5145.194892289755,308283.3112478088,19.58720750326138,3.018003135603121,Underfishing
2022,BENGKULU,TENGGIRI,3546.57,119416,9304,0.3811876612209802,45836.05364986922,323124.1115375772,7.737511669506739,2.879388961636806,Underfishing
2022,BENGKULU,TONGKOL,6421.38,132982,9304,0.6901741186586414,140680.4809856748,369573.9649557874,4.564513822392941,2.517493352409997,Underfishing
2022,BENGKULU,TUNA,2145.45,53832,9304,0.2305943680137575,103635.2116050751,292761.4244455092,2.070194065097982,3.178014322625256,Underfishing
2022,DAERAH ISTIMEWA YOGYAKARTA,CAKALANG,856.3,17120,1201,0.7129891756869275,119279.7606260097,287853.9638280055,0.7178921180809934,0.4172254514159147,Underfishing
2022,DAERAH ISTIMEWA YOGYAKARTA,MARLIN,7.46,224,1201,0.006211490424646128,5145.194892289755,308283.3112478088,0.1449896487143579,0.3895767160209962,Underfishing
2022,DAERAH ISTIMEWA YOGYAKARTA,TENGGIRI,45.92,2015,1201,0.03823480432972523,45836.05364986922,323124.1115375772,0.1001831448029362,0.3716838072792136,Underfishing
2022,DAERAH ISTIMEWA YOGYAKARTA,TONGKOL,201.33,3560,1201,0.1676353039134055,140680.4809856748,369573.9649557874,0.1431115379968746,0.3249687786161228,Underfishing
2022,DAERAH ISTIMEWA YOGYAKARTA,TUNA,371.35,11140,1201,0.3092006661115737,103635.2116050751,292761.4244455092,0.3583241586026875,0.410231642462697,Underfishing
2022,DKI JAKARTA,CAKALANG,68967.8,971257,5913,11.66375782174869,119279.7606260097,287853.9638280055,57.82020322478844,2.054166606346631,Uncertain
2022,DKI JAKARTA,MARLIN,326.29,11981,5913,0.05518180280737359,5145.194892289755,308283.3112478088,6.341645104424644,1.918040900776145,Underfishing
2022,DKI JAKARTA,TENGGIRI,2010.39,86298,5913,0.3399949264332826,45836.05364986922,323124.1115375772,4.386045132412346,1.829947004531216,Underfishing
2022,DKI JAKARTA,TONGKOL,7287.73,162141,5913,1.23249281244715,140680.4809856748,369573.9649557874,5.180341969929782,1.599950364660395,Underfishing
2022,DKI JAKARTA,TUNA,38295.6,1336388,5913,6.476509386098427,103635.2116050751,292761.4244455092,36.9523055020468,2.019733307145651,Underfishing
2022,GORONTALO,CAKALANG,15349.72,269188,15454,0.9932522324317329,119279.7606260097,287853.9638280055,12.86867102972111,5.368694526379306,Underfishing
2022,GORONTALO,MARLIN,0.53,17,15454,3.429532807040249e-05,5145.194892289755,308283.3112478088,0.01030087316603347,5.012921373345942,Underfishing
2022,GORONTALO,TENGGIRI,1192.57,35762,15454,0.07716901773003752,45836.05364986922,323124.1115375772,2.601816485140192,4.782682396080739,Underfishing
2022,GORONTALO,TONGKOL,9040.07,148396,15454,0.5849663517535912,140680.4809856748,369573.9649557874,6.425958979284789,4.181571610935522,Underfishing
2022,GORONTALO,TUNA,27942.27,1376390,15454,1.808093050342953,103635.2116050751,292761.4244455092,26.96213918728724,5.278700918083696,Underfishing
2022,JAMBI,TENGGIRI,899.6,25887,11850,0.07591561181434599,45836.05364986922,323124.1115375772,1.962647148621982,3.667321495635872,Underfishing
2022,JAWA BARAT,CAKALANG,1256.2,21870,33306,0.03771692788086231,119279.7606260097,287853.9638280055,1.053154360309873,11.57045036208031,Underfishing
2022,JAWA BARAT,MARLIN,101.01,4009,33306,0.003032786885245902,5145.194892289755,308283.3112478088,1.963190940568002,10.80369867093697,Underfishing
2022,JAWA BARAT,TENGGIRI,35856.27,1170382,33306,1.076570888128265,45836.05364986922,323124.1115375772,78.22721884806569,10.307494492291,Uncertain
2022,JAWA BARAT,TONGKOL,37110.73,428638,33306,1.11423557317,140680.4809856748,369573.9649557874,26.37944492369123,9.011998451780672,Underfishing
2022,JAWA BARAT,TUNA,1717.55,38620,33306,0.05156878640485198,103635.2116050751,292761.4244455092,1.657303510456566,11.3764988208681,Underfishing
2022,JAWA TENGAH,CAKALANG,6361.33,117445,83775,0.07593351238436287,119279.7606260097,287853.9638280055,5.333117677814045,29.10329907774209,Underfishing
2022,JAWA TENGAH,MARLIN,74.18,2551,83775,0.0008854670247687258,5145.194892289755,308283.3112478088,1.441733531049741,27.17467892144792,Underfishing
2022,JAWA TENGAH,TENGGIRI,3603.86,147371,83775,0.04301832288868995,45836.05364986922,323124.1115375772,7.862500614754131,25.9265703204131,Underfishing
2022,JAWA TENGAH,TONGKOL,9724.63,158600,83775,0.1160803342285885,140680.4809856748,369573.9649557874,6.912565220039473,22.6679928630855,Underfishing
2022,JAWA TENGAH,TUNA,8940.92,359307,83775,0.1067253954043569,103635.2116050751,292761.4244455092,8.627299410620548,28.61545033081801,Underfishing
2022,JAWA TIMUR,CAKALANG,10608.75,194546,76960,0.1378475831600832,119279.7606260097,287853.9638280055,8.894006782309633,26.73577913486162,Underfishing
2022,JAWA TIMUR,MARLIN,697.32,18829,76960,0.009060810810810812,5145.194892289755,308283.3112478088,13.55283938894049,24.9640500124695,Underfishing
2022,JAWA TIMUR,TENGGIRI,6361.55,222031,76960,0.08266047297297298,45836.05364986922,323124.1115375772,13.87892170777698,23.81747361216343,Underfishing
2022,JAWA TIMUR,TONGKOL,80816.38,1629460,76960,1.050108887733888,140680.4809856748,369573.9649557874,57.44676122356262,20.8239776871747,Uncertain
2022,JAWA TIMUR,TUNA,10450.4,299955,76960,0.1357900207900208,103635.2116050751,292761.4244455092,10.08383139103683,26.28761632300512,Underfishing
2022,KALIMANTAN BARAT,CAKALANG,2.89,52,33659,8.586113669449479e-05,119279.7606260097,287853.9638280055,0.002422875418958392,11.6930819893491,Underfishing
2022,KALIMANTAN BARAT,MARLIN,25.85,310,33659,0.0007679966725095814,5145.194892289755,308283.3112478088,0.5024105119659721,10.91820373401391,Underfishing
2022,KALIMANTAN BARAT,TENGGIRI,8820.85,356617,33659,0.26206512374105,45836.05364986922,323124.1115375772,19.24434871156315,10.41674044064201,Underfishing
2022,KALIMANTAN BARAT,TONGKOL,9278.59,217140,33659,0.2756644582429662,140680.4809856748,369573.9649557874,6.595506309752253,9.10751383800173,Underfishing
2022,KALIMANTAN SELATAN,CAKALANG,703.13,24060,52904,0.01329067745350068,119279.7606260097,287853.9638280055,0.5894797208761987,18.37876376495216,Underfishing
2022,KALIMANTAN SELATAN,TENGGIRI,3682.57,176441,52904,0.06960853621654317,45836.05364986922,323124.1115375772,8.034221331815086,16.372656236719,Underfishing
2022,KALIMANTAN SELATAN,TONGKOL,10473.57,303331,52904,0.1979731211250567,140680.4809856748,369573.9649557874,7.444934739074784,14.31486116894868,Underfishing
2022,KALIMANTAN TENGAH,MARLIN,3.39,119,42480,7.980225988700565e-05,5145.194892289755,308283.3112478088,0.06588671704311974,13.77953280314065,Underfishing
2022,KALIMANTAN TENGAH,TENGGIRI,2925.24,121762,42480,0.06886158192090396,45836.05364986922,323124.1115375772,6.381963033609344,13.14665123498834,Underfishing
2022,KALIMANTAN TENGAH,TONGKOL,1115.55,52294,42480,0.02626059322033898,140680.4809856748,369573.9649557874,0.7929671495177744,11.49431616620558,Underfishing
2022,KALIMANTAN TIMUR,CAKALANG,2763.16,85973,64580,0.04278662124496748,119279.7606260097,287853.9638280055,2.316537177387222,22.43498722101563,Underfishing
2022,KALIMANTAN TIMUR,MARLIN,0.15,3,64580,2.322700526478786e-06,5145.194892289755,308283.3112478088,0.002915341462084944,20.94826338104574,Underfishing
2022,KALIMANTAN TIMUR,TENGGIRI,3899.75,178086,64580,0.0603863425209043,45836.05364986922,323124.1115375772,8.508040482257197,19.98612845469744,Underfishing
2022,KALIMANTAN TIMUR,TONGKOL,8820.63,248548,64580,0.1365845462991638,140680.4809856748,369573.9649557874,6.269974297925655,17.47417462367128,Underfishing
2022,KALIMANTAN TIMUR,TUNA,2375.72,92248,64580,0.03678724063177454,103635.2116050751,292761.4244455092,2.292386885890876,22.05891712759448,Underfishing
2022,KALIMANTAN UTARA,CAKALANG,151.33,4540,12014,0.01259613783918762,119279.7606260097,287853.9638280055,0.1268698052425514,4.173644107669276,Underfishing
2022,KALIMANTAN UTARA,TENGGIRI,692.13,25251,12014,0.05761028799733644,45836.05364986922,323124.1115375772,1.510012195393211,3.718075987221044,Underfishing
2022,KALIMANTAN UTARA,TONGKOL,40.29,766,12014,0.00335358748127185,140680.4809856748,369573.9649557874,0.02863936753536025,3.250770113483846,Underfishing
2022,KALIMANTAN UTARA,TUNA,151.38,3784,12014,0.01260029965040786,103635.2116050751,292761.4244455092,0.1460700447805974,4.103682724851658,Underfishing
2022,KEP. BANGKA BELITUNG,TENGGIRI,14134.78,891233,21558,0.6556628629743019,45836.05364986922,323124.1115375772,30.8376897103146,6.671739814592247,Underfishing
2022,KEP. BANGKA BELITUNG,TONGKOL,7177.79,180732,21558,0.3329525002319325,140680.4809856748,369573.9649557874,5.102193246503685,5.833203105250937,Underfishing
2022,KEPULAUAN RIAU,MARLIN,147.0,2352,42148,0.003487709974376009,5145.194892289755,308283.3112478088,2.857034632843245,13.67183965599746,Underfishing
2022,KEPULAUAN RIAU,TENGGIRI,24497.61,963779,42148,0.5812282907848534,45836.05364986922,323124.1115375772,53.44615875339412,13.04390433738909,Uncertain
2022,KEPULAUAN RIAU,TONGKOL,22992.98,432206,42148,0.5455295624940685,140680.4809856748,369573.9649557874,16.34411528799175,11.40448299842826,Underfishing
2022,LAMPUNG,CAKALANG,85.94,2452,11885,0.007230963399242743,119279.7606260097,287853.9638280055,0.07204910501912949,4.128829716967649,Underfishing
2022,LAMPUNG,MARLIN,1658.25,81296,11885,0.1395246108540177,5145.194892289755,308283.3112478088,32.22909986334906,3.855220041556653,Underfishing
2022,LAMPUNG,TENGGIRI,9606.45,348108,11885,0.8082835506941524,45836.05364986922,323124.1115375772,20.95828334913255,3.678153246888805,Underfishing
2022,LAMPUNG,TONGKOL,9790.85,199532,11885,0.8237989061842659,140680.4809856748,369573.9649557874,6.959636426745643,3.215865057329408,Underfishing
2022,LAMPUNG,TUNA,45.46,2040,11885,0.003824989482541018,103635.2116050751,292761.4244455092,0.04386539989249542,4.059619542605456,Underfishing
2022,MALUKU,CAKALANG,24106.91,589536,64591,0.3732239785728662,119279.7606260097,287853.9638280055,20.21039434811151,22.43880860316848,Underfishing
2022,MALUKU,MARLIN,479.25,9289,64591,0.007419764363456209,5145.194892289755,308283.3112478088,9.314515971361397,20.95183152748723,Underfishing
2022,MALUKU,TENGGIRI,32977.6,1041929,64591,0.5105602947779102,45836.05364986922,323124.1115375772,71.94685705691003,19.98953271937693,Uncertain
2022,MALUKU,TONGKOL,80533.49,1852073,64591,1.246822157885774,140680.4809856748,369573.9649557874,57.24567433644228,17.47715102380848,Uncertain
2022,MALUKU,TUNA,33316.43,1102649,64591,0.515806072053382,103635.2116050751,292761.4244455092,32.14778981390962,22.06267445321237,Underfishing
2022,MALUKU UTARA,CAKALANG,29942.93,610843,23264,1.287092933287483,119279.7606260097,287853.9638280055,25.10311040435703,8.081875854904114,Underfishing
2022,MALUKU UTARA,MARLIN,0.75,18,23264,3.223865199449793e-05,5145.194892289755,308283.3112478088,0.01457670731042472,7.546305346804709,Underfishing
2022,MALUKU UTARA,TENGGIRI,4910.98,134976,23264,0.211097833562586,45836.05364986922,323124.1115375772,10.7142295397283,7.199710318520921,Underfishing
2022,MALUKU UTARA,TONGKOL,35036.84,706754,23264,1.506053988995873,140680.4809856748,369573.9649557874,24.9052603136662,6.294815708347611,Underfishing
2022,MALUKU UTARA,TUNA,20174.84,428868,23264,0.8672128610729023,103635.2116050751,292761.4244455092,19.46716727600335,7.946402106787828,Underfishing
2022,NUSA TENGGARA BARAT,CAKALANG,13906.31,296729,34176,0.4069027972846442,119279.7606260097,287853.9638280055,11.65856632090494,11.87268695053314,Underfishing
2022,NUSA TENGGARA BARAT,MARLIN,46.64,1417,34176,0.001364700374531835,5145.194892289755,308283.3112478088,0.9064768386109453,11.085906616764,Underfishing
2022,NUSA TENGGARA BARAT,TENGGIRI,4736.03,167620,34176,0.138577656835206,45836.05364986922,323124.1115375772,10.33254310281032,10.57674088057819,Underfishing
2022,NUSA TENGGARA BARAT,TONGKOL,22401.63,290996,34176,0.6554784058988764,140680.4809856748,369573.9649557874,15.92376557362006,9.247404644450135,Underfishing
2022,NUSA TENGGARA BARAT,TUNA,9687.48,308314,34176,0.2834585674157303,103635.2116050751,292761.4244455092,9.347672330632456,11.67366911973783,Underfishing
2022,NUSA TENGGARA TIMUR,CAKALANG,8712.74,226677,30013,0.2902988704894546,119279.7606260097,287853.9638280055,7.304457985389461,10.42646750486748,Underfishing
2022,NUSA TENGGARA TIMUR,MARLIN,3.04,120,30013,0.0001012894412421284,5145.194892289755,308283.3112478088,0.05908425363158821,9.735525377134188,Underfishing
2022,NUSA TENGGARA TIMUR,TENGGIRI,3112.35,77949,30013,0.1037000633059008,45836.05364986922,323124.1115375772,6.790178805039601,9.288381438693621,Underfishing
2022,NUSA TENGGARA TIMUR,TONGKOL,11744.08,246373,30013,0.3912997700996235,140680.4809856748,369573.9649557874,8.348052208604457,8.120972483435215,Underfishing
2022,NUSA TENGGARA TIMUR,TUNA,6807.84,240449,30013,0.2268297071269117,103635.2116050751,292761.4244455092,6.569041443117597,10.25169216089336,Underfishing
2022,PAPUA,CAKALANG,17627.91,573816,17666,0.997843880901166,119279.7606260097,287853.9638280055,14.7786262375816,6.137139737480058,Underfishing
2022,PAPUA,MARLIN,252.9,8852,17666,0.01431563455224726,5145.194892289755,308283.3112478088,4.915265705075216,5.730443185034904,Underfishing
2022,PAPUA,TENGGIRI,19835.43,891416,17666,1.122802558587116,45836.05364986922,323124.1115375772,43.27473336059462,5.467249075266102,Underfishing
2022,PAPUA,TONGKOL,6716.3,184596,17666,0.3801822710290955,140680.4809856748,369573.9649557874,4.774152002425913,4.780098620343401,Underfishing
2022,PAPUA,TUNA,27422.16,1441489,17666,1.552256311558927,103635.2116050751,292761.4244455092,26.46027308218196,6.03426494233639,Underfishing
2022,PAPUA BARAT,CAKALANG,4814.03,147200,11358,0.4238448670540588,119279.7606260097,287853.9638280055,4.035915208694902,3.945750772008293,Underfishing
2022,PAPUA BARAT,TENGGIRI,8625.42,589655,11358,0.7594136291600634,45836.05364986922,323124.1115375772,18.81798129020344,3.515058020880357,Underfishing
2022,PAPUA BARAT,TONGKOL,24916.46,803041,11358,2.193736573340377,140680.4809856748,369573.9649557874,17.71138385753542,3.073268432574457,Underfishing
2022,PAPUA BARAT,TUNA,10879.1,454133,11358,0.9578358865997535,103635.2116050751,292761.4244455092,10.49749388408374,3.879609488002758,Underfishing
2022,RIAU,MARLIN,9.15,732,28426,0.0003218884120171674,5145.194892289755,308283.3112478088,0.1778358291871816,9.220739158711773,Underfishing
2022,RIAU,TENGGIRI,1435.67,56142,28426,0.05050552311264336,45836.05364986922,323124.1115375772,3.132185006516364,8.79723888902492,Underfishing
2022,SULAWESI BARAT,CAKALANG,13535.74,401006,10997,1.230857506592707,119279.7606260097,287853.9638280055,11.3478933299003,3.820339957719246,Underfishing
2022,SULAWESI BARAT,MARLIN,820.1,24603,10997,0.0745748840592889,5145.194892289755,308283.3112478088,15.93914355370575,3.567173310643543,Underfishing
2022,SULAWESI BARAT,TENGGIRI,718.87,29044,10997,0.06536964626716377,45836.05364986922,323124.1115375772,1.568350551055896,3.403336243671534,Underfishing
2022,SULAWESI BARAT,TONGKOL,9454.83,245999,10997,0.8597644812221515,140680.4809856748,369573.9649557874,6.720783106337805,2.975588391708162,Underfishing
2022,SULAWESI BARAT,TUNA,4859.35,190778,10997,0.441879603528235,103635.2116050751,292761.4244455092,4.688898613453532,3.756300892724628,Underfishing
2022,SULAWESI SELATAN,CAKALANG,29855.79,868607,62591,0.4769981307216692,119279.7606260097,287853.9638280055,25.03005526110165,21.74401184810451,Underfishing
2022,SULAWESI SELATAN,MARLIN,571.07,16479,62591,0.009123835695227749,5145.194892289755,308283.3112478088,11.09909365835233,20.30307762903428,Underfishing
2022,SULAWESI SELATAN,TENGGIRI,13825.38,478776,62591,0.2208844722084645,45836.05364986922,323124.1115375772,30.16267522856311,19.37057550492361,Underfishing
2022,SULAWESI SELATAN,TONGKOL,37388.97,1147180,62591,0.5973537729066479,140680.4809856748,369573.9649557874,26.5772264482144,16.93598736249937,Underfishing
2022,SULAWESI SELATAN,TUNA,19909.94,793901,62591,0.3180958923806937,103635.2116050751,292761.4244455092,19.2115591714824,21.37952434086817,Underfishing
2022,SULAWESI TENGAH,CAKALANG,20993.08,408283,49851,0.4211165272512086,119279.7606260097,287853.9638280055,17.59986764713739,17.31815651834701,Underfishing
2022,SULAWESI TENGAH,MARLIN,496.01,12249,49851,0.009949850554652865,5145.194892289755,308283.3112478088,9.640256790725022,16.170515295889,Underfishing
2022,SULAWESI TENGAH,TENGGIRI,3866.59,109759,49851,0.07756293755391065,45836.05364986922,323124.1115375772,8.435695685182603,15.42781804885602,Underfishing
2022,SULAWESI TENGAH,TONGKOL,19864.15,354172,49851,0.3984704419169124,140680.4809856748,369573.9649557874,14.12004697511855,13.48877483996031,Underfishing
2022,SULAWESI TENGAH,TUNA,7379.96,251567,49851,0.1480403602736154,103635.2116050751,292761.4244455092,7.121093193810394,17.02785812523556,Underfishing
2022,SULAWESI TENGGARA,CAKALANG,23762.2,503659,54908,0.4327638959714432,119279.7606260097,287853.9638280055,19.92140148109796,19.07495011352627,Underfishing
2022,SULAWESI TENGGARA,MARLIN,666.96,17066,54908,0.01214686384497705,5145.194892289755,308283.3112478088,12.9627742770145,17.81088952812728,Underfishing
2022,SULAWESI TENGGARA,TENGGIRI,8713.69,316870,54908,0.1586961827056167,45836.05364986922,323124.1115375772,19.01055895117372,16.99285136560122,Underfishing
2022,SULAWESI TENGGARA,TONGKOL,18877.31,309112,54908,0.3437988999781453,140680.4809856748,369573.9649557874,13.41857084062873,14.85710715758041,Underfishing
2022,SULAWESI TENGGARA,TUNA,17713.72,473413,54908,0.3226072703431194,103635.2116050751,292761.4244455092,17.09237596532543,18.75520318429789,Underfishing
2022,SULAWESI UTARA,CAKALANG,105873.23,2645607,30140,3.51271499668215,119279.7606260097,287853.9638280055,88.7604313123627,10.47058709881405,Growth Overfishing
2022,SULAWESI UTARA,MARLIN,2733.81,148055,30140,0.09070371599203716,5145.194892289755,308283.3112478088,53.13326428308294,9.77672124968595,Uncertain
2022,SULAWESI UTARA,TENGGIRI,1370.63,47555,30140,0.04547544790975448,45836.05364986922,323124.1115375772,2.990287973894783,9.327685221811407,Underfishing
2022,SULAWESI UTARA,TONGKOL,36724.71,628630,30140,1.218470802919708,140680.4809856748,369573.9649557874,26.10505006998064,8.155336375928343,Underfishing
2022,SULAWESI UTARA,TUNA,57616.89,2641221,30140,1.91164200398142,103635.2116050751,292761.4244455092,55.59586274553278,10.29507219302722,Uncertain
2022,SUMATERA BARAT,CAKALANG,12311.91,364818,19443,0.6332309828730134,119279.7606260097,287853.9638280055,10.32187685101315,6.754466654354396,Underfishing
2022,SUMATERA BARAT,MARLIN,1790.53,52835,19443,0.09209124106362186,5145.194892289755,308283.3112478088,34.80004232071303,6.306861023810349,Underfishing
2022,SUMATERA BARAT,TENGGIRI,5336.89,250536,19443,0.2744890191842823,45836.05364986922,323124.1115375772,11.64343257115292,6.01719256030787,Underfishing
2022,SUMATERA BARAT,TONGKOL,24525.36,571947,19443,1.261397932417837,140680.4809856748,369573.9649557874,17.43337798404127,5.260922533416549,Underfishing
2022,SUMATERA BARAT,TUNA,5251.17,201518,19443,0.2700802345317081,103635.2116050751,292761.4244455092,5.066974746006933,6.641243817154219,Underfishing
2022,SUMATERA SELATAN,TENGGIRI,3642.79,158409,38881,0.09369074869473522,45836.05364986922,323124.1115375772,7.947433755589895,12.03283772757961,Underfishing
2022,SUMATERA UTARA,CAKALANG,10345.84,199131,58122,0.1780021334434465,119279.7606260097,287853.9638280055,8.67359218840017,20.19148849891407,Underfishing
2022,SUMATERA UTARA,MARLIN,2876.23,78420,58122,0.04948608100203021,5145.194892289755,308283.3112478088,55.90128382328386,18.85343704294117,Uncertain
2022,SUMATERA UTARA,TENGGIRI,11753.41,615115,58122,0.2022196414438595,45836.05364986922,323124.1115375772,25.6422817064085,17.98751560922769,Underfishing
2022,SUMATERA UTARA,TONGKOL,24309.11,716539,58122,0.4182428340387461,140680.4809856748,369573.9649557874,17.27966085250686,15.72675716130415,Underfishing
2022,SUMATERA UTARA,TUNA,2046.38,74654,58122,0.03520835483981969,103635.2116050751,292761.4244455092,1.974599142806968,19.85302541483503,Underfishing
2023,ACEH,CAKALANG,51067.89,1193523,27787,1.837833879152121,119279.7606260097,287853.9638280055,42.81354165365781,9.653158716481284,Underfishing
2023,ACEH,MARLIN,1503.61,50138,27787,0.05411199481772051,5145.194892289755,308283.3112478088,29.22357717203695,9.013462288156054,Underfishing
2023,ACEH,TENGGIRI,6988.29,493661,27787,0.2514949436786987,45836.05364986922,323124.1115375772,15.2462732795059,8.599482059007087,Underfishing
2023,ACEH,TUNA,19685.41,731801,27787,0.7084395580667219,103635.2116050751,292761.4244455092,18.99490500874897,9.491346085854255,Underfishing
2023,BALI,CAKALANG,8531.6,125690,29278,0.291399685770886,119279.7606260097,287853.9638280055,7.152596513628174,10.17112969738147,Underfishing
2023,BALI,MARLIN,718.04,17309,29278,0.02452489924175149,5145.194892289755,308283.3112478088,13.95554522290315,9.49710831945273,Underfishing
2023,BALI,TENGGIRI,1812.64,66972,29278,0.06191133274130747,45836.05364986922,323124.1115375772,3.954616193283848,9.06091466238203,Underfishing
2023,BALI,TONGKOL,54291.48,922237,29278,1.854343875947811,140680.4809856748,369573.9649557874,38.59204888951751,7.922094837904116,Underfishing
2023,BALI,TUNA,13996.39,450606,29278,0.47805143793975,103635.2116050751,292761.4244455092,13.50543872418222,10.00063449460686,Underfishing
2023,BANTEN,CAKALANG,1979.5,35631,14423,0.1372460653123483,119279.7606260097,287853.9638280055,1.659543907206968,5.010526799143829,Underfishing
2023,BANTEN,MARLIN,49.66,1072,14423,0.003443111696595715,5145.194892289755,308283.3112478088,0.9651723800475888,4.678488738693446,Underfishing
2023,BANTEN,TENGGIRI,1584.68,100754,14423,0.1098717326492408,45836.05364986922,323124.1115375772,3.457278438726414,4.463609952030057,Underfishing
2023,BANTEN,TONGKOL,3038.53,90570,14423,0.2106725369201969,140680.4809856748,369573.9649557874,2.159880303728424,3.902601743530674,Underfishing
2023,BANTEN,TUNA,931.45,30738,14423,0.06458087776468141,103635.2116050751,292761.4244455092,0.8987775347528565,4.926537035170257,Underfishing
2023,BENGKULU,CAKALANG,1787.44,42721,9129,0.1957980063533794,119279.7606260097,287853.9638280055,1.498527487495844,3.171399788489497,Underfishing
2023,BENGKULU,MARLIN,769.79,19357,9129,0.08432358418227626,5145.194892289755,308283.3112478088,14.96133802732246,2.961237169488488,Underfishing
2023,BENGKULU,TENGGIRI,2956.75,92032,9129,0.3238854200898236,45836.05364986922,323124.1115375772,6.450708044339756,2.825230205372141,Underfishing
2023,BENGKULU,TONGKOL,7275.1,154222,9129,0.7969218972505203,140680.4809856748,369573.9649557874,5.171364178617507,2.47014153204545,Underfishing
2023,BENGKULU,TUNA,1546.76,37067,9129,0.169433672910505,103635.2116050751,292761.4244455092,1.492504310112543,3.118238687795138,Underfishing
2023,DAERAH ISTIMEWA YOGYAKARTA,CAKALANG,676.07,13521,1160,0.5828189655172414,119279.7606260097,287853.9638280055,0.5667935586488583,0.4029821179371033,Underfishing
2023,DAERAH ISTIMEWA YOGYAKARTA,MARLIN,2.5,73,1160,0.002155172413793103,5145.194892289755,308283.3112478088,0.04858902436808241,0.3762772611027108,Underfishing
2023,DAERAH ISTIMEWA YOGYAKARTA,TENGGIRI,63.25,2536,1160,0.05452586206896552,45836.05364986922,323124.1115375772,0.1379918098603161,0.3589951843829208,Underfishing
2023,DAERAH ISTIMEWA YOGYAKARTA,TONGKOL,1370.07,21161,1160,1.181094827586207,140680.4809856748,369573.9649557874,0.9738877706421201,0.313874923559286,Underfishing
2023,DAERAH ISTIMEWA YOGYAKARTA,TUNA,206.17,5772,1160,0.1777327586206897,103635.2116050751,292761.4244455092,0.1989381763272279,0.3962270651596407,Underfishing
2023,DKI JAKARTA,CAKALANG,71349.81,735256,9456,7.545453680203045,119279.7606260097,287853.9638280055,59.81719750738812,3.284999057942456,Uncertain
2023,DKI JAKARTA,MARLIN,542.88,12817,9456,0.05741116751269035,5145.194892289755,308283.3112478088,10.55120381957783,3.067308431885546,Underfishing
2023,DKI JAKARTA,TENGGIRI,3080.33,109128,9456,0.3257540186125211,45836.05364986922,323124.1115375772,6.720321133075532,2.926429709935258,Underfishing
2023,DKI JAKARTA,TONGKOL,10467.23,156610,9456,1.106940566835871,140680.4809856748,369573.9649557874,7.440428072651994,2.55862179066949,Underfishing
2023,DKI JAKARTA,TUNA,34305.36,542945,9456,3.627893401015228,103635.2116050751,292761.4244455092,33.10203112309759,3.229933731163416,Underfishing
2023,GORONTALO,CAKALANG,8204.65,144253,15351,0.534470067096606,119279.7606260097,287853.9638280055,6.878493012511062,5.332912493493511,Underfishing
2023,GORONTALO,MARLIN,2.59,66,15351,0.000168718650250798,5145.194892289755,308283.3112478088,0.05033822924533337,4.979510547575615,Underfishing
2023,GORONTALO,TENGGIRI,774.17,30460,15351,0.05043124226434759,45836.05364986922,323124.1115375772,1.688997935803334,4.750806099536394,Underfishing
2023,GORONTALO,TONGKOL,13640.38,213685,15351,0.8885662171845482,140680.4809856748,369573.9649557874,9.696000400644756,4.153701682378102,Underfishing
2023,GORONTALO,TUNA,24200.58,1030230,15351,1.576482313855775,103635.2116050751,292761.4244455092,23.35169642169658,5.243518687297969,Underfishing
2023,JAMBI,TENGGIRI,892.19,27520,11288,0.07903880226789511,45836.05364986922,323124.1115375772,1.946480835403564,3.493394518374491,Underfishing
2023,JAMBI,TUNA,0.02,0,11288,1.771793054571226e-06,103635.2116050751,292761.4244455092,1.929846013748148e-05,3.855699234070711,Underfishing
2023,JAWA BARAT,CAKALANG,2168.75,37674,26298,0.08246824853601034,119279.7606260097,287853.9638280055,1.818204520714883,9.135882532336158,Underfishing
2023,JAWA BARAT,MARLIN,89.73,3422,26298,0.003412046543463381,5145.194892289755,308283.3112478088,1.743957262619214,8.530465010757835,Underfishing
2023,JAWA BARAT,TENGGIRI,36211.41,1750355,26298,1.376964407939767,45836.05364986922,323124.1115375772,79.00202377065531,8.138668412846597,Uncertain
2023,JAWA BARAT,TONGKOL,37843.12,801834,26298,1.439011331660202,140680.4809856748,369573.9649557874,26.90005019520333,7.115760982553536,Underfishing
2023,JAWA BARAT,TUNA,1741.13,45214,26298,0.06620769640276827,103635.2116050751,292761.4244455092,1.680056394958657,8.982740827213991,Underfishing
2023,JAWA TENGAH,CAKALANG,7380.92,150166,43111,0.1712073484725476,119279.7606260097,287853.9638280055,6.187906448892171,14.97669145378143,Underfishing
2023,JAWA TENGAH,MARLIN,146.48,3522,43111,0.003397740715826587,5145.194892289755,308283.3112478088,2.846928115774684,13.98421465810255,Underfishing
2023,JAWA TENGAH,TENGGIRI,3782.48,167276,43111,0.08773816427361926,45836.05364986922,323124.1115375772,8.25219384917705,13.34193223614836,Underfishing
2023,JAWA TENGAH,TONGKOL,9229.85,177141,43111,0.2140950105541509,140680.4809856748,369573.9649557874,6.560860423088727,11.6650533013486,Underfishing
2023,JAWA TENGAH,TUNA,7857.38,232086,43111,0.1822592841734128,103635.2116050751,292761.4244455092,7.581766735752214,14.72564224663558,Underfishing
2023,JAWA TIMUR,CAKALANG,10407.9,168272,64526,0.1612977714409695,119279.7606260097,287853.9638280055,8.725621132518011,22.41622770862891,Underfishing
2023,JAWA TIMUR,MARLIN,660.81,14989,64526,0.01024098812881629,5145.194892289755,308283.3112478088,12.84324527706901,20.93074702578751,Underfishing
2023,JAWA TIMUR,TENGGIRI,9481.74,328589,64526,0.1469444874934135,45836.05364986922,323124.1115375772,20.68620495217318,19.9694166099072,Underfishing
2023,JAWA TIMUR,TONGKOL,52446.6,944258,64526,0.812797941914887,140680.4809856748,369573.9649557874,37.28065161032576,17.45956320481594,Underfishing
2023,JAWA TIMUR,TUNA,5030.57,137201,64526,0.07796190682825527,103635.2116050751,292761.4244455092,4.854112730690511,22.04047207456118,Underfishing
2023,KALIMANTAN BARAT,CAKALANG,0.32,3,35547,9.002166146228936e-06,119279.7606260097,287853.9638280055,0.0002682768629988531,12.34897012612949,Underfishing
2023,KALIMANTAN BARAT,MARLIN,25.85,646,35547,0.0007272062340000563,5145.194892289755,308283.3112478088,0.5024105119659721,11.5306274141535,Underfishing
2023,KALIMANTAN BARAT,TENGGIRI,10337.83,391879,35547,0.2908214476608434,45836.05364986922,323124.1115375772,22.55392682574342,11.00103605108594,Underfishing
2023,KALIMANTAN BARAT,TONGKOL,9942.15,203012,35547,0.2796902692210313,140680.4809856748,369573.9649557874,7.06718510651978,9.618372334277533,Underfishing
2023,KALIMANTAN SELATAN,CAKALANG,1095.09,33546,58105,0.0188467429653214,119279.7606260097,287853.9638280055,0.9180853434419189,20.18558272649602,Underfishing
2023,KALIMANTAN SELATAN,TENGGIRI,10140.36,497944,58105,0.1745178556062301,45836.05364986922,323124.1115375772,22.12310875944909,17.98225447290484,Underfishing
2023,KALIMANTAN SELATAN,TONGKOL,3749.22,108740,58105,0.06452491179760778,140680.4809856748,369573.9649557874,2.665060549787127,15.72215727018303,Underfishing
2023,KALIMANTAN TENGAH,MARLIN,2.97,83,43111,6.889193013384056e-05,5145.194892289755,308283.3112478088,0.0577237609492819,13.98421465810255,Underfishing
2023,KALIMANTAN TENGAH,TENGGIRI,3191.01,132777,43111,0.07401846396511332,45836.05364986922,323124.1115375772,6.961790437665885,13.34193223614836,Underfishing
2023,KALIMANTAN TENGAH,TONGKOL,2142.47,74087,43111,0.04969659715617823,140680.4809856748,369573.9649557874,1.522933377103084,11.6650533013486,Underfishing
2023,KALIMANTAN TENGAH,TUNA,0.0,0,43111,0.0,103635.2116050751,292761.4244455092,0.0,14.72564224663558,Underfishing
2023,KALIMANTAN TIMUR,CAKALANG,1518.76,44615,95327,0.01593210737776286,119279.7606260097,287853.9638280055,1.273275526400432,33.11644513499159,Underfishing
2023,KALIMANTAN TIMUR,MARLIN,0.14,2,95327,1.468629034796018e-06,5145.194892289755,308283.3112478088,0.002720985364612615,30.92188143891216,Underfishing
2023,KALIMANTAN TIMUR,TENGGIRI,4490.18,203105,95327,0.04710291942471703,45836.05364986922,323124.1115375772,9.79617493752718,29.50166719109542,Underfishing
2023,KALIMANTAN TIMUR,TONGKOL,10356.52,277369,95327,0.1086420426531833,140680.4809856748,369573.9649557874,7.361732009613034,25.79375417080694,Underfishing
2023,KALIMANTAN TIMUR,TUNA,2572.41,116406,95327,0.0269851143957116,103635.2116050751,292761.4244455092,2.482177592112937,32.56132537971816,Underfishing
2023,KALIMANTAN UTARA,CAKALANG,1030.86,16991,13037,0.07907187236327375,119279.7606260097,287853.9638280055,0.8642371468468678,4.529032647884496,Underfishing
2023,KALIMANTAN UTARA,TENGGIRI,965.74,50457,13037,0.07407685817289254,45836.05364986922,323124.1115375772,2.106944038806351,4.034672602413912,Underfishing
2023,KALIMANTAN UTARA,TONGKOL,250.97,4055,13037,0.01925059446191608,140680.4809856748,369573.9649557874,0.1783971722598501,3.527575326243458,Underfishing
2023,KALIMANTAN UTARA,TUNA,156.08,3605,13037,0.01197207946613485,103635.2116050751,292761.4244455092,0.1506051829129055,4.45311400731572,Underfishing
2023,KEP. BANGKA BELITUNG,MARLIN,0.03,1,24592,1.219908913467794e-06,5145.194892289755,308283.3112478088,0.0005830682924169888,7.977077935377467,Underfishing
2023,KEP. BANGKA BELITUNG,TENGGIRI,13304.62,843475,24592,0.5410141509433962,45836.05364986922,323124.1115375772,29.02653902456536,7.610697908917921,Underfishing
2023,KEP. BANGKA BELITUNG,TONGKOL,8218.71,207806,24592,0.3342025862068965,140680.4809856748,369573.9649557874,5.842111103413766,6.654148379456862,Underfishing
2023,KEPULAUAN RIAU,MARLIN,681.75,7312,39044,0.01746106956254482,5145.194892289755,308283.3112478088,13.25022694517607,12.66497360559848,Underfishing
2023,KEPULAUAN RIAU,TENGGIRI,11206.91,659999,39044,0.2870328347505379,45836.05364986922,323124.1115375772,24.4499888354415,12.08328274055755,Underfishing
2023,KEPULAUAN RIAU,TONGKOL,37849.34,760978,39044,0.9694022128880236,140680.4809856748,369573.9649557874,26.90447156194619,10.56459699607652,Underfishing
2023,LAMPUNG,CAKALANG,10.41,393,16434,0.000633442862358525,119279.7606260097,287853.9638280055,0.008727381699431441,5.709144936360651,Underfishing
2023,LAMPUNG,MARLIN,1642.6,82037,16434,0.09995132043324814,5145.194892289755,308283.3112478088,31.92493257080486,5.330810783587887,Underfishing
2023,LAMPUNG,TENGGIRI,4711.95,207478,16434,0.2867196056955093,45836.05364986922,323124.1115375772,10.28000803907219,5.085971431162862,Underfishing
2023,LAMPUNG,TONGKOL,8906.38,212379,16434,0.541948399659243,140680.4809856748,369573.9649557874,6.330928027539881,4.446741804976988,Underfishing
2023,LAMPUNG,TUNA,66.53,3348,16434,0.004048314470001217,103635.2116050751,292761.4244455092,0.06419632764733216,5.613444473132358,Underfishing
2023,MALUKU,CAKALANG,38500.53,1007098,64005,0.6015237872041247,119279.7606260097,287853.9638280055,32.27750441310386,22.23523315393474,Underfishing
2023,MALUKU,MARLIN,444.97,6720,64005,0.0069521131161628,5145.194892289755,308283.3112478088,8.648263269226252,20.76174663524052,Underfishing
2023,MALUKU,TENGGIRI,13254.44,808114,64005,0.207084446527615,45836.05364986922,323124.1115375772,28.91706188592835,19.80817825554211,Underfishing
2023,MALUKU,TONGKOL,55968.75,1111507,64005,0.8744434028591517,140680.4809856748,369573.9649557874,39.78430384077176,17.31859007104491,Underfishing
2023,MALUKU,TUNA,61441.62,2139930,64005,0.9599503163815327,103635.2116050751,292761.4244455092,59.28643271761425,21.86251147029552,Uncertain
2023,MALUKU UTARA,CAKALANG,22348.74,480191,64005,0.3491717834544176,119279.7606260097,287853.9638280055,18.73640580992809,22.23523315393474,Underfishing
2023,MALUKU UTARA,MARLIN,0.04,1,64005,6.249511756893992e-07,5145.194892289755,308283.3112478088,0.0007774243898893185,20.76174663524052,Underfishing
2023,MALUKU UTARA,TENGGIRI,5950.13,135414,64005,0.09296351847511913,45836.05364986922,323124.1115375772,12.98133134552036,19.80817825554211,Underfishing
2023,MALUKU UTARA,TONGKOL,21147.18,428765,64005,0.3303988750878837,140680.4809856748,369573.9649557874,15.03206404458723,17.31859007104491,Underfishing
2023,MALUKU UTARA,TUNA,44916.95,914667,64005,0.701772517772049,103635.2116050751,292761.4244455092,43.34139845361244,21.86251147029552,Underfishing
2023,NUSA TENGGARA BARAT,CAKALANG,11949.35,248199,37170,0.3214783427495292,119279.7606260097,287853.9638280055,10.01791916523545,12.91279769286391,Underfishing
2023,NUSA TENGGARA BARAT,MARLIN,107.69,3207,37170,0.002897228948076406,5145.194892289755,308283.3112478088,2.093020813679518,12.05709120274807,Underfishing
2023,NUSA TENGGARA BARAT,TENGGIRI,7342.56,296409,37170,0.1975399515738499,45836.05364986922,323124.1115375772,16.01918013293221,11.5033198306148,Underfishing
2023,NUSA TENGGARA BARAT,TONGKOL,27843.8,438239,37170,0.7490933548560667,140680.4809856748,369573.9649557874,19.79222689950518,10.05752664542988,Underfishing
2023,NUSA TENGGARA BARAT,TUNA,9280.92,296317,37170,0.2496884584342212,103635.2116050751,292761.4244455092,8.955373232957733,12.69634483791711,Underfishing
2023,NUSA TENGGARA TIMUR,CAKALANG,8173.37,169303,28762,0.2841725192962937,119279.7606260097,287853.9638280055,6.852268949152925,9.99187213457497,Underfishing
2023,NUSA TENGGARA TIMUR,TENGGIRI,1779.32,56532,28762,0.06186356998817884,45836.05364986922,323124.1115375772,3.881922326018302,8.901223701053075,Underfishing
2023,NUSA TENGGARA TIMUR,TONGKOL,8022.44,173457,28762,0.2789249704471177,140680.4809856748,369573.9649557874,5.70259636858713,7.782474613286365,Underfishing
2023,NUSA TENGGARA TIMUR,TUNA,3671.61,139862,28762,0.127654891871219,103635.2116050751,292761.4244455092,3.54282096126892,9.824381765622055,Underfishing
2023,PAPUA,CAKALANG,20839.21,552615,13686,1.522666228262458,119279.7606260097,287853.9638280055,17.47086839429478,4.754494194902755,Underfishing
2023,PAPUA,MARLIN,529.4,18934,13686,0.03868186467923426,5145.194892289755,308283.3112478088,10.28921180018513,4.439422927113534,Underfishing
2023,PAPUA,TENGGIRI,5921.16,312579,13686,0.4326435773783428,45836.05364986922,323124.1115375772,12.91812782407129,4.235524218504012,Underfishing
2023,PAPUA,TONGKOL,26508.88,661325,13686,1.936934093233962,140680.4809856748,369573.9649557874,18.8433248267749,3.703182934338265,Underfishing
2023,PAPUA,TUNA,30315.68,1066011,13686,2.215086950168055,103635.2116050751,292761.4244455092,29.25229710103224,4.674796218771416,Underfishing
2023,PAPUA BARAT,CAKALANG,7877.63,182322,11637,0.6769468075964595,119279.7606260097,287853.9638280055,6.604330825830172,4.042674919339716,Underfishing
2023,PAPUA BARAT,TENGGIRI,13140.14,693825,11637,1.129169029818682,45836.05364986922,323124.1115375772,28.66769486826773,3.601402552296594,Underfishing
2023,PAPUA BARAT,TONGKOL,31556.41,1407176,11637,2.711730686603076,140680.4809856748,369573.9649557874,22.43126393860803,3.148760763327078,Underfishing
2023,PAPUA BARAT,TUNA,15940.92,692842,11637,1.369847898943026,103635.2116050751,292761.4244455092,15.38176045873907,3.974908928674775,Underfishing
2023,RIAU,MARLIN,40.45,809,30314,0.001334366959160784,5145.194892289755,308283.3112478088,0.7861704142755733,9.833162838851358,Underfishing
2023,RIAU,TENGGIRI,1323.08,50935,30314,0.04364584020584548,45836.05364986922,323124.1115375772,2.886548676521533,9.381534499468845,Underfishing
2023,RIAU,TONGKOL,299.74,10181,30314,0.009887840601702185,140680.4809856748,369573.9649557874,0.2130643838433577,8.202417614462236,Underfishing
2023,SULAWESI BARAT,CAKALANG,7082.66,189890,11436,0.6193301853795034,119279.7606260097,287853.9638280055,5.937855645273303,3.972847845455787,Underfishing
2023,SULAWESI BARAT,MARLIN,1163.6,34908,11436,0.1017488632388947,5145.194892289755,308283.3112478088,22.61527550188027,3.709574791353966,Underfishing
2023,SULAWESI BARAT,TENGGIRI,1213.85,43089,11436,0.1061428821266177,45836.05364986922,323124.1115375772,2.648242820536675,3.539197352244036,Underfishing
2023,SULAWESI BARAT,TONGKOL,16964.33,359444,11436,1.483414655473942,140680.4809856748,369573.9649557874,12.05876599307863,3.094373815365512,Underfishing
2023,SULAWESI BARAT,TUNA,5352.1,198901,11436,0.4680045470444212,103635.2116050751,292761.4244455092,5.164364425090733,3.906252342384182,Underfishing
2023,SULAWESI SELATAN,CAKALANG,21603.31,576410,67459,0.3202435553447279,119279.7606260097,287853.9638280055,18.11146324122423,23.43514714993022,Underfishing
2023,SULAWESI SELATAN,MARLIN,235.0,7347,67459,0.00348359744437362,5145.194892289755,308283.3112478088,4.567368290599746,21.88214461786876,Underfishing
2023,SULAWESI SELATAN,TENGGIRI,7270.84,287189,67459,0.1077816154997851,45836.05364986922,323124.1115375772,15.86270941983843,20.87711736490298,Underfishing
2023,SULAWESI SELATAN,TONGKOL,50291.47,1234294,67459,0.7455116441097556,140680.4809856748,369573.9649557874,35.74871911699042,18.25317971412575,Underfishing
2023,SULAWESI SELATAN,TUNA,16415.75,612920,67459,0.2433441053084096,103635.2116050751,292761.4244455092,15.83993485009309,23.04231171431396,Underfishing
2023,SULAWESI TENGAH,CAKALANG,65235.76,1391249,47014,1.387581571446803,119279.7606260097,287853.9638280055,54.69139077545645,16.33258732128877,Uncertain
2023,SULAWESI TENGAH,MARLIN,884.68,24815,47014,0.01881737354830476,5145.194892289755,308283.3112478088,17.19429523118205,15.25025789093349,Underfishing
2023,SULAWESI TENGAH,TENGGIRI,9672.66,320552,47014,0.2057399923427064,45836.05364986922,323124.1115375772,21.10273295752545,14.549827240154,Underfishing
2023,SULAWESI TENGAH,TONGKOL,74941.12,1589439,47014,1.594017101288978,140680.4809856748,369573.9649557874,53.27044624451568,12.72113418639334,Uncertain
2023,SULAWESI TENGAH,TUNA,18177.16,721166,47014,0.3866329178542562,103635.2116050751,292761.4244455092,17.53955988363115,16.0588096908753,Underfishing
2023,SULAWESI TENGGARA,CAKALANG,17344.13,358949,53792,0.3224295434265319,119279.7606260097,287853.9638280055,14.54071496201343,18.68725352420057,Underfishing
2023,SULAWESI TENGGARA,MARLIN,581.64,14463,53792,0.01081276026174896,5145.194892289755,308283.3112478088,11.30452805338058,17.44888485279053,Underfishing
2023,SULAWESI TENGGARA,TENGGIRI,7371.12,250601,53792,0.1370300416418798,45836.05364986922,323124.1115375772,16.08148916201696,16.64747323993627,Underfishing
2023,SULAWESI TENGGARA,TONGKOL,27759.11,463489,53792,0.5160453227245687,140680.4809856748,369573.9649557874,19.73202665039697,14.55513783456992,Underfishing
2023,SULAWESI TENGGARA,TUNA,13890.99,318272,53792,0.2582352394408091,103635.2116050751,292761.4244455092,13.4037358392577,18.37400542160982,Underfishing
2023,SULAWESI UTARA,CAKALANG,54122.43,1140698,32706,1.654816547422491,119279.7606260097,287853.9638280055,45.37436168210943,11.36201133556112,Underfishing
2023,SULAWESI UTARA,MARLIN,4283.92,188590,32706,0.130982694306855,5145.194892289755,308283.3112478088,83.26059730836623,10.60907250140108,Growth Overfishing
2023,SULAWESI UTARA,TENGGIRI,2443.45,66525,32706,0.07470953341894453,45836.05364986922,323124.1115375772,5.330847237995088,10.12180732795501,Underfishing
2023,SULAWESI UTARA,TONGKOL,26256.84,543733,32706,0.8028141625389836,140680.4809856748,369573.9649557874,18.66416706570237,8.849649353387937,Underfishing
2023,SULAWESI UTARA,TUNA,38978.41,1566377,32706,1.191781630281906,103635.2116050751,292761.4244455092,37.61116458037048,11.17155378716483,Underfishing
2023,SUMATERA BARAT,CAKALANG,14434.1,420411,22850,0.6316892778993436,119279.7606260097,287853.9638280055,12.1010470881617,7.938052926605871,Underfishing
2023,SUMATERA BARAT,MARLIN,1641.02,47314,22850,0.07181706783369803,5145.194892289755,308283.3112478088,31.89422430740423,7.41201328982495,Underfishing
2023,SUMATERA BARAT,TENGGIRI,6307.02,336528,22850,0.2760183807439825,45836.05364986922,323124.1115375772,13.75995422332349,7.071586175129087,Underfishing
2023,SUMATERA BARAT,TONGKOL,27184.28,664479,22850,1.189684026258206,140680.4809856748,369573.9649557874,19.32341985862852,6.182794830456624,Underfishing
2023,SUMATERA BARAT,TUNA,5250.97,210150,22850,0.229801750547046,103635.2116050751,292761.4244455092,5.066781761405558,7.804990033532578,Underfishing
2023,SUMATERA SELATAN,TENGGIRI,5137.15,268478,36617,0.1402941256793293,45836.05364986922,323124.1115375772,11.20766207152447,11.33217816081846,Underfishing
2023,SUMATERA UTARA,CAKALANG,15911.01,349069,57569,0.2763815595198805,119279.7606260097,287853.9638280055,13.33923703107307,19.99937719613888,Underfishing
2023,SUMATERA UTARA,MARLIN,3201.99,84317,57569,0.05562003856242075,5145.194892289755,308283.3112478088,62.23262805454246,18.67405659001893,Uncertain
2023,SUMATERA UTARA,TENGGIRI,9944.89,562400,57569,0.1727473119213465,45836.05364986922,323124.1115375772,21.69665407054164,17.81637393943135,Underfishing
2023,SUMATERA UTARA,TONGKOL,22333.07,630305,57569,0.3879356945578349,140680.4809856748,369573.9649557874,15.87503102315532,15.57712540895218,Underfishing
2023,SUMATERA UTARA,TUNA,5009.91,157020,57569,0.08702444023693306,103635.2116050751,292761.4244455092,4.834177421368493,19.66413440877186,Underfishing
2024,ACEH,TONGKOL,78615.08,1737729,26851,2.927826896577409,140680.4809856748,369573.9649557874,55.8820096783755,7.265392734905506,Uncertain
2024,ACEH,TUNA,24308.36,958391,26851,0.9053055752113516,103635.2116050751,292761.4244455092,23.45569582337747,9.171631833277164,Underfishing
2024,ACEH,TENGGIRI,12389.79,667150,26851,0.4614275073554058,45836.05364986922,323124.1115375772,27.03066475714223,8.309810082642937,Underfishing
2024,ACEH,CAKALANG,53843.62,1176188,26851,2.005274291460281,119279.7606260097,287853.9638280055,45.14061708156972,9.327993835111346,Underfishing
2024,ACEH,MARLIN,3178.68,106450,26851,0.118382183158914,5145.194892289755,308283.3112478088,61.77958399133446,8.709845463680074,Uncertain
2024,BALI,TONGKOL,33419.28,568240,23142,1.444096448016593,140680.4809856748,369573.9649557874,23.75544906148211,6.261804725007755,Underfishing
2024,BALI,TUNA,17218.51,795531,23142,0.7440372482931465,103635.2116050751,292761.4244455092,16.61453644309131,7.904729949934832,Underfishing
2024,BALI,TENGGIRI,1305.02,73235,23142,0.05639184167314839,45836.05364986922,323124.1115375772,2.84714737871794,7.16195392843927,Underfishing
2024,BALI,CAKALANG,10681.47,270576,23142,0.4615620948924034,119279.7606260097,287853.9638280055,8.954972699426122,8.039493252845212,Underfishing
2024,BALI,MARLIN,1344.74,42121,23142,0.05810820153832858,5145.194892289755,308283.3112478088,26.13584185149405,7.506731358999081,Underfishing
2024,BANTEN,TONGKOL,3678.39,86676,13275,0.2770915254237288,140680.4809856748,369573.9649557874,2.614712413710444,3.591973801939242,Underfishing
2024,BANTEN,TUNA,637.22,21029,13275,0.0480015065913371,103635.2116050751,292761.4244455092,0.6148682384402976,4.534408870684681,Underfishing
2024,BANTEN,TENGGIRI,2267.25,91909,13275,0.1707909604519774,45836.05364986922,323124.1115375772,4.946433690210303,4.108328510933856,Underfishing
2024,BANTEN,CAKALANG,1619.95,29159,13275,0.122030131826742,119279.7606260097,287853.9638280055,1.35810970067185,4.611713461737109,Underfishing
2024,BANTEN,MARLIN,31.51,932,13275,0.002373634651600753,5145.194892289755,308283.3112478088,0.6124160631353106,4.306104000981453,Underfishing
2024,BENGKULU,TONGKOL,6888.17,140175,9070,0.7594454244762955,140680.4809856748,369573.9649557874,4.896322469000804,2.454177204036831,Underfishing
2024,BENGKULU,TUNA,1619.92,40498,9070,0.1786019845644984,103635.2116050751,292761.4244455092,1.563098077295451,3.098085759480984,Underfishing
2024,BENGKULU,TENGGIRI,2556.57,89478,9070,0.2818710033076075,45836.05364986922,323124.1115375772,5.577639862997444,2.806970967545769,Underfishing
2024,BENGKULU,CAKALANG,1588.62,37284,9070,0.1751510474090408,119279.7606260097,287853.9638280055,1.331843719053869,3.15090328421511,Underfishing
2024,BENGKULU,MARLIN,981.84,29455,9070,0.1082513781697905,5145.194892289755,308283.3112478088,19.08265907422321,2.942098929484126,Underfishing
2024,DAERAH ISTIMEWA YOGYAKARTA,TONGKOL,2035.69,26240,1281,1.589141295862607,140680.4809856748,369573.9649557874,1.44703087858172,0.3466153250684874,Underfishing
2024,DAERAH ISTIMEWA YOGYAKARTA,TUNA,214.94,5375,1281,0.1677907884465261,103635.2116050751,292761.4244455092,0.2074005510975135,0.4375576469564653,Underfishing
2024,DAERAH ISTIMEWA YOGYAKARTA,TENGGIRI,42.79,1701,1281,0.03340359094457455,45836.05364986922,323124.1115375772,0.09335445919245731,0.3964420958573462,Underfishing
2024,DAERAH ISTIMEWA YOGYAKARTA,CAKALANG,927.05,18529,1281,0.7236924277907885,119279.7606260097,287853.9638280055,0.7772064557596462,0.4450173216184736,Underfishing
2024,DKI JAKARTA,TONGKOL,20151.83,599762,7936,2.539293094758065,140680.4809856748,369573.9649557874,14.32453874112928,2.147337408074563,Underfishing
2024,DKI JAKARTA,TUNA,20513.88,206624,7936,2.584914314516129,103635.2116050751,292761.4244455092,19.79431477225393,2.710739645781818,Underfishing
2024,DKI JAKARTA,TENGGIRI,6710.21,512354,7936,0.8455405745967742,45836.05364986922,323124.1115375772,14.63958928763307,2.456022226950741,Underfishing
2024,DKI JAKARTA,CAKALANG,29172.94,269273,7936,3.676025705645161,119279.7606260097,287853.9638280055,24.457577586418,2.756953524093838,Underfishing
2024,DKI JAKARTA,MARLIN,1013.45,12131,7936,0.127702872983871,5145.194892289755,308283.3112478088,19.69701869833325,2.574255469061304,Underfishing
2024,GORONTALO,TONGKOL,27873.48,456722,14954,1.863948107529758,140680.4809856748,369573.9649557874,19.8133243536737,4.046280695608243,Underfishing
2024,GORONTALO,TUNA,19695.27,781873,14954,1.317056974722482,103635.2116050751,292761.4244455092,19.00441914959675,5.107913389997644,Underfishing
2024,GORONTALO,TENGGIRI,1891.88,73229,14954,0.1265133074762606,45836.05364986922,323124.1115375772,4.127493205352329,4.627943092467412,Underfishing
2024,GORONTALO,CAKALANG,6224.58,113032,14954,0.41624849538585,119279.7606260097,287853.9638280055,5.218471237141879,5.194995337613313,Underfishing
2024,GORONTALO,MARLIN,17.19,441,14954,0.001149525210645981,5145.194892289755,308283.3112478088,0.3340981315549346,4.850732898732704,Underfishing
2024,JAMBI,TUNA,4.06,10,11491,0.0003533199895570446,103635.2116050751,292761.4244455092,0.003917587407908742,3.925038970473647,Underfishing
2024,JAMBI,TENGGIRI,809.63,25281,11491,0.0704577495431207,45836.05364986922,323124.1115375772,1.766360616872849,3.556218675641502,Underfishing
2024,JAWA BARAT,TONGKOL,30700.41,551140,33634,0.9127790331212463,140680.4809856748,369573.9649557874,21.82279288846486,9.100749292235367,Underfishing
2024,JAWA BARAT,TUNA,932.65,23575,33634,0.02772938098352857,103635.2116050751,292761.4244455092,0.8999354423611053,11.48853543929255,Underfishing
2024,JAWA BARAT,TENGGIRI,27538.93,1313859,33634,0.8187824820122496,45836.05364986922,323124.1115375772,60.08137221053841,10.40900347546134,Uncertain
2024,JAWA BARAT,CAKALANG,1830.57,31810,33634,0.05442617589344116,119279.7606260097,287853.9638280055,1.534686178436908,11.68439702991081,Underfishing
2024,JAWA BARAT,MARLIN,183.98,5010,33634,0.005470060058274365,5145.194892289755,308283.3112478088,3.57576348129592,10.91009431028325,Underfishing
2024,JAWA TENGAH,TONGKOL,19170.94,299398,52910,0.3623311283311283,140680.4809856748,369573.9649557874,13.62729204910249,14.31648465993261,Underfishing
2024,JAWA TENGAH,TUNA,6452.59,159166,52910,0.121954072954073,103635.2116050751,292761.4244455092,6.226252544925583,18.07273622206602,Underfishing
2024,JAWA TENGAH,TENGGIRI,4060.9,179195,52910,0.07675108675108676,45836.05364986922,323124.1115375772,8.859619615205654,16.37451310836236,Underfishing
2024,JAWA TENGAH,CAKALANG,16753.83,281934,52910,0.3166477036477037,119279.7606260097,287853.9638280055,14.04582798630024,18.38084815521736,Underfishing
2024,JAWA TENGAH,MARLIN,105.48,3275,52910,0.001993573993573994,5145.194892289755,308283.3112478088,2.050068116138133,17.16278438357278,Underfishing
2024,JAWA TIMUR,TONGKOL,62859.48,954196,63510,0.9897572035899859,140680.4809856748,369573.9649557874,44.68244603627766,17.18465206487091,Underfishing
2024,JAWA TIMUR,TUNA,7940.53,184716,63510,0.1250280270823492,103635.2116050751,292761.4244455092,7.662000083773793,21.69343181749033,Underfishing
2024,JAWA TIMUR,TENGGIRI,4758.8,259530,63510,0.07492993229412691,45836.05364986922,323124.1115375772,10.38222015436003,19.65498634496491,Underfishing
2024,JAWA TIMUR,CAKALANG,21348.78,408262,63510,0.3361483230987246,119279.7606260097,287853.9638280055,17.89807414766455,22.06327095705641,Underfishing
2024,JAWA TIMUR,MARLIN,566.14,12576,63510,0.008914186742245315,5145.194892289755,308283.3112478088,11.00327610229847,20.60118004537341,Underfishing
2024,KALIMANTAN BARAT,TONGKOL,8904.91,224218,33325,0.2672141035258815,140680.4809856748,369573.9649557874,6.32988310646078,9.017139506563106,Underfishing
2024,KALIMANTAN BARAT,TUNA,0.01,0,33325,3.000750187546887e-07,103635.2116050751,292761.4244455092,9.649230068740741e-06,11.38298874693537,Underfishing
2024,KALIMANTAN BARAT,TENGGIRI,10348.56,463420,33325,0.3105344336084021,45836.05364986922,323124.1115375772,22.57733634542407,10.31337458582831,Underfishing
2024,KALIMANTAN BARAT,CAKALANG,38.21,853,33325,0.001146586646661665,119279.7606260097,287853.9638280055,0.03203393417245681,11.57705093125342,Underfishing
2024,KALIMANTAN SELATAN,TONGKOL,8778.96,294975,39416,0.2227257966308098,140680.4809856748,369573.9649557874,6.240353984071139,10.66525343708001,Underfishing
2024,KALIMANTAN SELATAN,TENGGIRI,11518.64,558645,39416,0.2922325959001421,45836.05364986922,323124.1115375772,25.13008665184871,12.19840878244587,Underfishing
2024,KALIMANTAN SELATAN,CAKALANG,1338.47,39698,39416,0.03395752993708139,119279.7606260097,287853.9638280055,1.122126665056484,13.69305444880075,Underfishing
2024,KALIMANTAN TENGAH,TONGKOL,1828.12,61892,44284,0.04128172703459489,140680.4809856748,369573.9649557874,1.299483757228661,11.9824457887064,Underfishing
2024,KALIMANTAN TENGAH,TENGGIRI,7163.4,259611,44284,0.1617604552434288,45836.05364986922,323124.1115375772,15.62830878661483,13.70495064242523,Underfishing
2024,KALIMANTAN TIMUR,TONGKOL,9697.68,258593,63510,0.1526953235710912,140680.4809856748,369573.9649557874,6.893408333589288,17.18465206487091,Underfishing
2024,KALIMANTAN TIMUR,TUNA,1796.37,76674,63510,0.02828483703353802,103635.2116050751,292761.4244455092,1.733358741858381,21.69343181749033,Underfishing
2024,KALIMANTAN TIMUR,TENGGIRI,3925.1,184368,63510,0.06180286569044245,45836.05364986922,323124.1115375772,8.563346290635995,19.65498634496491,Underfishing
2024,KALIMANTAN TIMUR,CAKALANG,2739.87,83757,63510,0.04314076523382145,119279.7606260097,287853.9638280055,2.297011651952086,22.06327095705641,Underfishing
2024,KALIMANTAN TIMUR,MARLIN,0.56,12,63510,8.817509053692332e-06,5145.194892289755,308283.3112478088,0.01088394145845046,20.60118004537341,Underfishing
2024,KALIMANTAN UTARA,TONGKOL,27.04,453,14833,0.00182296231375986,140680.4809856748,369573.9649557874,0.01922086121013009,4.013540294099042,Underfishing
2024,KALIMANTAN UTARA,TUNA,151.74,3789,14833,0.01022989280657992,103635.2116050751,292761.4244455092,0.146417417063072,5.066582808200819,Underfishing
2024,KALIMANTAN UTARA,TENGGIRI,867.28,36724,14833,0.05846962853097822,45836.05364986922,323124.1115375772,1.89213497004988,4.590496180992986,Underfishing
2024,KALIMANTAN UTARA,CAKALANG,164.14,3880,14833,0.01106586664868873,119279.7606260097,287853.9638280055,0.1376092634144742,5.152960133931943,Underfishing
2024,KEPULAUAN BANGKA BELITUNG,TONGKOL,9001.41,204201,22964,0.3919791848110085,140680.4809856748,369573.9649557874,6.398478265735099,6.213641159151244,Underfishing
2024,KEPULAUAN BANGKA BELITUNG,TENGGIRI,17149.8,868252,22964,0.7468124020205539,45836.05364986922,323124.1115375772,37.41552475482132,7.106866736352925,Underfishing
2024,KEPULAUAN RIAU,TONGKOL,20628.01,447061,46324,0.4452985493480701,140680.4809856748,369573.9649557874,14.6630220876914,12.53443272324169,Underfishing
2024,KEPULAUAN RIAU,TUNA,0.08,1,46324,1.726966583196615e-06,103635.2116050751,292761.4244455092,7.719384054992593e-05,15.82312290211655,Underfishing
2024,KEPULAUAN RIAU,TENGGIRI,10549.62,582872,46324,0.2277355150677834,45836.05364986922,323124.1115375772,23.01598667412787,14.33628700116761,Underfishing
2024,KEPULAUAN RIAU,CAKALANG,3.89,56,46324,8.397375010793542e-05,119279.7606260097,287853.9638280055,0.003261240615829808,16.0928824407917,Underfishing
2024,KEPULAUAN RIAU,MARLIN,0.36,9,46324,7.771349624384767e-06,5145.194892289755,308283.3112478088,0.006996819509003866,15.02643779596722,Underfishing
2024,LAMPUNG,TONGKOL,9454.99,194131,15331,0.6167236318570217,140680.4809856748,369573.9649557874,6.720896839244374,4.148290045765012,Underfishing
2024,LAMPUNG,TUNA,103.66,4549,15331,0.006761463700997978,103635.2116050751,292761.4244455092,0.1000239188925665,5.236687186174526,Underfishing
2024,LAMPUNG,TENGGIRI,4983.71,215416,15331,0.3250740330050225,45836.05364986922,323124.1115375772,10.87290375840247,4.744616527391861,Underfishing
2024,LAMPUNG,CAKALANG,145.47,4462,15331,0.009488617833148522,119279.7606260097,287853.9638280055,0.1219569851888849,5.325964525942871,Underfishing
2024,LAMPUNG,MARLIN,1893.18,94758,15331,0.1234870523775357,5145.194892289755,308283.3112478088,36.7951076612665,4.973023008591085,Underfishing
2024,MALUKU,TONGKOL,44156.18,1115741,71201,0.620162357270263,140680.4809856748,369573.9649557874,31.38756683984919,19.2656969244351,Underfishing
2024,MALUKU,TUNA,24627.65,718007,71201,0.3458891026811421,103635.2116050751,292761.4244455092,23.7637860902423,24.32048557450998,Underfishing
2024,MALUKU,TENGGIRI,14592.08,628262,71201,0.2049420654204295,45836.05364986922,323124.1115375772,31.83537594982642,22.03518631314512,Underfishing
2024,MALUKU,CAKALANG,17689.67,635803,71201,0.2484469319251134,119279.7606260097,287853.9638280055,14.83040367214038,24.73511187865491,Underfishing
2024,MALUKU,MARLIN,800.49,8517,71201,0.01124267917585427,5145.194892289755,308283.3112478088,15.55801124656251,23.09596316187423,Underfishing
2024,MALUKU UTARA,TONGKOL,16546.94,336269,22022,0.7513822541095267,140680.4809856748,369573.9649557874,11.76207238137389,5.958753074674651,Underfishing
2024,MALUKU UTARA,TUNA,50671.84,1140935,22022,2.300964490055399,103635.2116050751,292761.4244455092,48.89442421664199,7.522165887022076,Underfishing
2024,MALUKU UTARA,TENGGIRI,4198.75,101682,22022,0.1906616111161566,45836.05364986922,323124.1115375772,9.160365401596872,6.815337888345415,Underfishing
2024,MALUKU UTARA,CAKALANG,25959.47,574130,22022,1.17879711197893,119279.7606260097,287853.9638280055,21.76351617722762,7.650407070009388,Underfishing
2024,MALUKU UTARA,MARLIN,0.28,6,22022,1.271455816910362e-05,5145.194892289755,308283.3112478088,0.00544197072922523,7.143429175865427,Underfishing
2024,NUSA TENGGARA BARAT,TONGKOL,15231.59,224916,35620,0.427613419427288,140680.4809856748,369573.9649557874,10.8270812647783,9.638124807915316,Underfishing
2024,NUSA TENGGARA BARAT,TUNA,1304.99,41749,35620,0.03663644020213364,103635.2116050751,292761.4244455092,1.259214874740598,12.16690350085035,Underfishing
2024,NUSA TENGGARA BARAT,TENGGIRI,988.82,38683,35620,0.02776024705221786,45836.05364986922,323124.1115375772,2.157297413851031,11.02362798941348,Underfishing
2024,NUSA TENGGARA BARAT,CAKALANG,3805.4,89451,35620,0.1068332397529478,119279.7606260097,287853.9638280055,3.190314920174486,12.37433020768933,Underfishing
2024,NUSA TENGGARA BARAT,MARLIN,52.57,1711,35620,0.001475856260527793,5145.194892289755,308283.3112478088,1.021730004412037,11.55430693144703,Underfishing
2024,NUSA TENGGARA TIMUR,TONGKOL,2163.95,48957,26946,0.08030691011652935,140680.4809856748,369573.9649557874,1.538202019809948,7.29109800881769,Underfishing
2024,NUSA TENGGARA TIMUR,TUNA,1515.28,61889,26946,0.05623394938024196,103635.2116050751,292761.4244455092,1.462128533856147,9.204081463613516,Underfishing
2024,NUSA TENGGARA TIMUR,TENGGIRI,504.39,18832,26946,0.01871854820752616,45836.05364986922,323124.1115375772,1.100421960086084,8.339210550329469,Underfishing
2024,NUSA TENGGARA TIMUR,CAKALANG,666.89,18378,26946,0.02474912788540043,119279.7606260097,287853.9638280055,0.5590973661415786,9.360996680976886,Underfishing
2024,PAPUA,TONGKOL,16586.29,423694,4390,3.778198177676538,140680.4809856748,369573.9649557874,11.79004356808316,1.187854236573505,Underfishing
2024,PAPUA,TUNA,45029.12,1563600,4390,10.25720273348519,103635.2116050751,292761.4244455092,43.44963386729352,1.499514496595537,Underfishing
2024,PAPUA,TENGGIRI,3062.37,172231,4390,0.6975785876993166,45836.05364986922,323124.1115375772,6.681138004141284,1.358611085725019,Underfishing
2024,PAPUA,CAKALANG,23908.61,713243,4390,5.446152619589977,119279.7606260097,287853.9638280055,20.0441465295719,1.525078877365417,Underfishing
2024,PAPUA,MARLIN,232.86,7808,4390,0.05304328018223235,5145.194892289755,308283.3112478088,4.525776085740667,1.424014807104224,Underfishing
2024,PAPUA BARAT,TONGKOL,9451.2,446306,6438,1.468033550792172,140680.4809856748,369573.9649557874,6.718202791020025,1.742005825754037,Underfishing
2024,PAPUA BARAT,TUNA,2732.27,128585,6438,0.4243973283628456,103635.2116050751,292761.4244455092,2.636430183991827,2.199060211636006,Underfishing
2024,PAPUA BARAT,TENGGIRI,7410.25,640399,6438,1.151017396707052,45836.05364986922,323124.1115375772,16.16685864059142,1.992423273325211,Underfishing
2024,PAPUA BARAT,CAKALANG,3978.58,136090,6438,0.6179838459148804,119279.7606260097,287853.9638280055,3.335503004968678,2.236550754550923,Underfishing
2024,PAPUA BARAT DAYA,TONGKOL,8560.15,264979,5423,1.578489765812281,140680.4809856748,369573.9649557874,6.084817126031622,1.467365267639662,Underfishing
2024,PAPUA BARAT DAYA,TUNA,6865.54,297976,5423,1.266004056795132,103635.2116050751,292761.4244455092,6.624717500614231,1.85236152962132,Underfishing
2024,PAPUA BARAT DAYA,TENGGIRI,16476.66,648731,5423,3.03829245804905,45836.05364986922,323124.1115375772,35.94694282771661,1.678302486990155,Underfishing
2024,PAPUA BARAT DAYA,CAKALANG,5774.06,172140,5423,1.064735386317536,119279.7606260097,287853.9638280055,4.840770948647368,1.883941401355958,Underfishing
2024,PAPUA BARAT DAYA,MARLIN,0.82,24,5423,0.0001512078185506177,5145.194892289755,308283.3112478088,0.01593719999273103,1.759096195655173,Underfishing
2024,PAPUA SELATAN,TONGKOL,12.39,62,2311,0.00536131544785807,140680.4809856748,369573.9649557874,0.008807191952422773,0.6253146106426809,Underfishing
2024,PAPUA SELATAN,TENGGIRI,474.83,12229,2311,0.2054651665945478,45836.05364986922,323124.1115375772,1.035931242307887,0.7152050613008016,Underfishing
2024,PAPUA TENGAH,TONGKOL,212.8,1649,889,0.2393700787401575,140680.4809856748,369573.9649557874,0.1512647657365267,0.2405472474519011,Underfishing
2024,PAPUA TENGAH,TUNA,961.61,33656,889,1.081676040494938,103635.2116050751,292761.4244455092,0.9278796126401786,0.3036602249370005,Underfishing
2024,PAPUA TENGAH,TENGGIRI,540.4,25424,889,0.6078740157480315,45836.05364986922,323124.1115375772,1.178984569936993,0.275126481824497,Underfishing
2024,PAPUA TENGAH,CAKALANG,1321.21,39636,889,1.486175478065242,119279.7606260097,287853.9638280055,1.107656481758484,0.3088371576259352,Underfishing
2024,PAPUA TENGAH,MARLIN,3.19,65,889,0.00358830146231721,5145.194892289755,308283.3112478088,0.06199959509367314,0.2883711078623361,Underfishing
2024,RIAU,TONGKOL,329.35,11527,30536,0.0107856300759759,140680.4809856748,369573.9649557874,0.2341120798652494,8.262486780867548,Underfishing
2024,RIAU,TENGGIRI,1816.99,71850,30536,0.05950320932669636,45836.05364986922,323124.1115375772,3.964106539100328,9.450238750273163,Underfishing
2024,SULAWESI BARAT,TONGKOL,11203.24,221807,12555,0.8923329350856233,140680.4809856748,369573.9649557874,7.963606551175213,3.397154883867961,Underfishing
2024,SULAWESI BARAT,TUNA,4025.23,163412,12555,0.3206077260055755,103635.2116050751,292761.4244455092,3.88403703495973,4.288474830240766,Underfishing
2024,SULAWESI BARAT,TENGGIRI,3553.41,120453,12555,0.2830274790919952,45836.05364986922,323124.1115375772,7.752434420169893,3.885503913730664,Underfishing
2024,SULAWESI BARAT,CAKALANG,10882.51,281657,12555,0.8667869374751095,119279.7606260097,287853.9638280055,9.123517638605152,4.361586629914079,Underfishing
2024,SULAWESI BARAT,MARLIN,1638.04,49141,12555,0.1304691358024691,5145.194892289755,308283.3112478088,31.83630619035748,4.072552597538391,Underfishing
2024,SULAWESI SELATAN,TONGKOL,45177.02,1242840,69486,0.6501600322367095,140680.4809856748,369573.9649557874,32.11321121698488,18.80164908486254,Underfishing
2024,SULAWESI SELATAN,TUNA,18761.31,648880,69486,0.2700012952249374,103635.2116050751,292761.4244455092,18.10321965809664,23.73468435317482,Underfishing
2024,SULAWESI SELATAN,TENGGIRI,11549.81,356345,69486,0.1662177992689175,45836.05364986922,323124.1115375772,25.19808988842336,21.50443050175141,Underfishing
2024,SULAWESI SELATAN,CAKALANG,23608.28,591197,69486,0.3397559220562416,119279.7606260097,287853.9638280055,19.79236030999551,24.13932366118755,Underfishing
2024,SULAWESI SELATAN,MARLIN,311.88,8230,69486,0.004488386149728003,5145.194892289755,308283.3112478088,6.061577967967017,22.53965669395083,Underfishing
2024,SULAWESI TENGAH,TONGKOL,44192.41,959140,128660,0.3434821234260843,140680.4809856748,369573.9649557874,31.41332023488036,34.81305833201528,Underfishing
2024,SULAWESI TENGAH,TUNA,5800.3,213281,128660,0.04508238768848127,103635.2116050751,292761.4244455092,5.596842916771693,43.94704672710291,Underfishing
2024,SULAWESI TENGAH,TENGGIRI,3782.7,124392,128660,0.02940074615265039,45836.05364986922,323124.1115375772,8.252673820689607,39.81751760578155,Underfishing
2024,SULAWESI TENGAH,CAKALANG,24572.83,558731,128660,0.1909904399191668,119279.7606260097,287853.9638280055,20.60100546063784,44.69627525326527,Underfishing
2024,SULAWESI TENGAH,MARLIN,4.19,126,128660,3.256645422042593e-05,5145.194892289755,308283.3112478088,0.0814352048409061,41.73433828747824,Underfishing
2024,SULAWESI TENGGARA,TONGKOL,16749.49,300130,56335,0.2973194284192776,140680.4809856748,369573.9649557874,11.90605113278335,15.24322742992446,Underfishing
2024,SULAWESI TENGGARA,TUNA,16185.73,454090,56335,0.2873121505280909,103635.2116050751,292761.4244455092,15.61798326005191,19.24263078945548,Underfishing
2024,SULAWESI TENGGARA,TENGGIRI,6056.03,244268,56335,0.107500310641697,45836.05364986922,323124.1115375772,13.21237217815605,17.43447733811366,Underfishing
2024,SULAWESI TENGGARA,CAKALANG,19975.35,421037,56335,0.3545815212567675,119279.7606260097,287853.9638280055,16.74663823532544,19.57068759826441,Underfishing
2024,SULAWESI TENGGARA,MARLIN,838.71,18282,56335,0.01488790272477146,5145.194892289755,308283.3112478088,16.30084025110176,18.27377543467346,Underfishing
2024,SULAWESI UTARA,TONGKOL,39268.83,732414,48494,0.8097667752711676,140680.4809856748,369573.9649557874,27.91348858410475,13.12159529576208,Underfishing
2024,SULAWESI UTARA,TUNA,54990.82,2313896,48494,1.133971625355714,103635.2116050751,292761.4244455092,53.06190738487098,16.56434077401001,Uncertain
2024,SULAWESI UTARA,TENGGIRI,2344.79,60512,48494,0.04835216727842619,45836.05364986922,323124.1115375772,5.115601831499929,15.00785557884945,Underfishing
2024,SULAWESI UTARA,CAKALANG,70154.6,1742408,48494,1.446665566874253,119279.7606260097,287853.9638280055,58.81517504043544,16.84673692003611,Uncertain
2024,SULAWESI UTARA,MARLIN,5012.37,196706,48494,0.1033606219326102,5145.194892289755,308283.3112478088,97.41846722873808,15.73033577578867,Growth Overfishing
2024,SUMATERA BARAT,TONGKOL,28805.47,657976,21016,1.370644746859536,140680.4809856748,369573.9649557874,20.4758114261304,5.686547753036167,Underfishing
2024,SUMATERA BARAT,TUNA,4274.83,173675,21016,0.2034083555386372,103635.2116050751,292761.4244455092,4.124881817475499,7.178541380512939,Underfishing
2024,SUMATERA BARAT,TENGGIRI,6560.4,368228,21016,0.3121621621621621,45836.05364986922,323124.1115375772,14.31275050446826,6.5040024094754,Underfishing
2024,SUMATERA BARAT,CAKALANG,14110.48,421858,21016,0.6714160639512752,119279.7606260097,287853.9638280055,11.82973534315018,7.30092430221221,Underfishing
2024,SUMATERA BARAT,MARLIN,1137.78,29414,21016,0.05413875142748382,5145.194892289755,308283.3112478088,22.11344805820672,6.817105964943594,Underfishing
2024,SUMATERA SELATAN,TONGKOL,3212.05,149025,35892,0.0894920873732308,140680.4809856748,369573.9649557874,2.283223640902306,9.711723065853354,Underfishing
2024,SUMATERA SELATAN,TENGGIRI,5343.21,267776,35892,0.1488691073219659,45836.05364986922,323124.1115375772,11.65722084369549,11.10780617057913,Underfishing
2024,SUMATERA UTARA,TONGKOL,25495.11,638310,48494,0.525737410813709,140680.4809856748,369573.9649557874,18.12270602244821,13.12159529576208,Underfishing
2024,SUMATERA UTARA,TUNA,5758.86,143798,48494,0.1187540726687838,103635.2116050751,292761.4244455092,5.556856507366831,16.56434077401001,Underfishing
2024,SUMATERA UTARA,TENGGIRI,12047.38,550671,48494,0.248430321276859,45836.05364986922,323124.1115375772,26.28363273162016,15.00785557884945,Underfishing
2024,SUMATERA UTARA,CAKALANG,16924.16,323858,48494,0.3489949272074896,119279.7606260097,287853.9638280055,14.18862673028334,16.84673692003611,Underfishing
2024,SUMATERA UTARA,MARLIN,231.3,6077,48494,0.004769662226254794,5145.194892289755,308283.3112478088,4.495456534534984,15.73033577578867,Underfishing
